
> projectx@1.0.0 dev:backend
> npm --prefix apps/backend run dev


> @projectx/backend@1.0.0 dev
> ts-node-dev --respawn --transpile-only src/server.ts

[INFO] 17:31:40 ts-node-dev ver. 2.0.0 (using ts-node ver. 10.9.2, typescript ver. 5.9.3)

=================================================
🚀 ProjectX API Server running on port 4000 (0.0.0.0)
📡 Environment: development
🤖 AI Microservice URL: http://127.0.0.1:8000
=================================================

[0mGET /api/v1/notifications?limit=20 [33m401[0m 5.401 ms - 76[0m
[0mGET /api/v1/auth/me [33m401[0m 4.242 ms - 76[0m
[0mGET /api/v1/notifications?limit=20 [33m401[0m 9.855 ms - 76[0m
[0mGET /api/v1/auth/me [33m401[0m 9.646 ms - 76[0m
[0mPOST /api/v1/auth/refresh [33m401[0m 1.997 ms - 63[0m
[0mPOST /api/v1/auth/refresh [33m401[0m 1.399 ms - 63[0m
[0mPOST /api/v1/auth/refresh [33m401[0m 1.238 ms - 63[0m
[0mPOST /api/v1/auth/refresh [33m401[0m 1.194 ms - 63[0m
[0mGET /api/v1/projects/user/created [33m401[0m 0.397 ms - 82[0m
[0mGET /api/v1/projects/user/joined [33m401[0m 0.339 ms - 82[0m
[0mGET /api/v1/applications/sent [33m401[0m 0.190 ms - 82[0m
[0mGET /api/v1/projects/user/created [33m401[0m 0.061 ms - 82[0m
[0mGET /api/v1/projects/user/joined [33m401[0m 0.046 ms - 82[0m
[0mGET /api/v1/applications/sent [33m401[0m 0.210 ms - 82[0m
[0mGET /healthz [32m200[0m 1.397 ms - 300[0m
[0mPOST /api/v1/auth/google [32m200[0m 91.515 ms - 1585[0m
[0mGET /api/v1/colleges [32m200[0m 1.072 ms - 6323[0m
[0mGET /api/v1/applications/sent [32m200[0m 2.401 ms - 26[0m
[0mGET /api/v1/projects/user/joined [32m200[0m 2.694 ms - 26[0m
[0mGET /api/v1/notifications?limit=20 [32m200[0m 4.907 ms - 107[0m
[0mGET /api/v1/colleges [36m304[0m 1.202 ms - -[0m
[0mGET /api/v1/applications/sent [36m304[0m 2.696 ms - -[0m
[0mGET /api/v1/projects/user/joined [36m304[0m 2.204 ms - -[0m
[0mGET /api/v1/projects?status=RECRUITING [32m200[0m 15.165 ms - 109031[0m
[0mGET /api/v1/projects?status=RECRUITING [36m304[0m 7.967 ms - -[0m
[0mPOST /api/v1/auth/login [32m200[0m 83.035 ms - 3166[0m
[0mGET /api/v1/notifications?limit=20 [36m304[0m 1.577 ms - -[0m
[0mGET /api/v1/applications/sent [36m304[0m 1.620 ms - -[0m
[0mGET /api/v1/projects/user/joined [36m304[0m 5.381 ms - -[0m
[0mGET /api/v1/projects/user/created [32m200[0m 9.596 ms - 9569[0m
[0mGET /api/v1/applications/sent [36m304[0m 3.671 ms - -[0m
[0mGET /api/v1/projects/user/joined [36m304[0m 1.788 ms - -[0m
[0mGET /api/v1/projects?status=RECRUITING [32m200[0m 14.251 ms - 109027[0m
[0mGET /api/v1/projects/user/created [36m304[0m 3.879 ms - -[0m
[0mGET /api/v1/projects?status=RECRUITING [36m304[0m 8.186 ms - -[0m
[0mGET /api/v1/projects/user/joined [36m304[0m 4.925 ms - -[0m
[0mGET /api/v1/applications/sent [36m304[0m 4.267 ms - -[0m
[0mGET /api/v1/projects/user/created [36m304[0m 11.744 ms - -[0m
[0mGET /api/v1/projects/user/joined [36m304[0m 6.083 ms - -[0m
[0mGET /api/v1/applications/sent [36m304[0m 4.352 ms - -[0m
[0mGET /api/v1/projects/user/created [36m304[0m 7.526 ms - -[0m
[0mPOST /api/v1/auth/login [32m200[0m 83.095 ms - 3176[0m
[0mGET /api/v1/notifications?limit=20 [32m200[0m 3.099 ms - 1303[0m
[0mGET /api/v1/applications/sent [32m200[0m 3.162 ms - 2071[0m
[0mGET /api/v1/projects/user/joined [32m200[0m 4.904 ms - 10568[0m
[0mGET /api/v1/projects/user/created [32m200[0m 9.413 ms - 36818[0m
[0mGET /api/v1/applications/sent [36m304[0m 2.804 ms - -[0m
[0mGET /api/v1/projects?status=RECRUITING [32m200[0m 11.297 ms - 109014[0m
[0mGET /api/v1/projects/user/joined [36m304[0m 5.728 ms - -[0m
[0mGET /api/v1/projects/user/created [36m304[0m 6.421 ms - -[0m
[0mGET /api/v1/projects?status=RECRUITING [36m304[0m 9.207 ms - -[0m
[0mGET /api/v1/applications/sent [36m304[0m 5.597 ms - -[0m
[0mGET /api/v1/projects/user/joined [36m304[0m 9.893 ms - -[0m
[0mGET /api/v1/projects/user/created [36m304[0m 17.104 ms - -[0m
[0mGET /api/v1/applications/sent [36m304[0m 5.462 ms - -[0m
[0mGET /api/v1/projects/user/joined [36m304[0m 8.900 ms - -[0m
[0mGET /api/v1/projects/user/created [36m304[0m 9.891 ms - -[0m
[0mPOST /api/v1/auth/login [32m200[0m 82.952 ms - 3166[0m
[0mGET /api/v1/notifications?limit=20 [32m200[0m 4.879 ms - 107[0m
[0mGET /api/v1/applications/sent [32m200[0m 2.505 ms - 26[0m
[0mGET /api/v1/projects/user/joined [32m200[0m 2.010 ms - 26[0m
[0mGET /api/v1/projects/user/created [32m200[0m 7.486 ms - 9569[0m
[0mGET /api/v1/applications/sent [36m304[0m 2.409 ms - -[0m
[0mGET /api/v1/projects/user/joined [36m304[0m 1.967 ms - -[0m
[0mGET /api/v1/projects/user/created [36m304[0m 3.764 ms - -[0m
[0mGET /api/v1/projects?status=RECRUITING [32m200[0m 14.091 ms - 109027[0m
[0mGET /api/v1/projects?status=RECRUITING [36m304[0m 7.402 ms - -[0m
[0mGET /api/v1/applications/sent [36m304[0m 3.582 ms - -[0m
[0mGET /api/v1/projects/user/joined [36m304[0m 5.166 ms - -[0m
[0mGET /api/v1/projects/user/created [36m304[0m 8.698 ms - -[0m
[0mGET /api/v1/applications/sent [36m304[0m 4.139 ms - -[0m
[0mGET /api/v1/projects/user/joined [36m304[0m 3.393 ms - -[0m
[0mGET /api/v1/projects/user/created [36m304[0m 4.818 ms - -[0m
[0mGET /api/v1/colleges [36m304[0m 3.982 ms - -[0m
[0mGET /api/v1/applications/sent [36m304[0m 5.136 ms - -[0m
[0mGET /api/v1/projects/user/joined [36m304[0m 3.330 ms - -[0m
[0mGET /api/v1/colleges [36m304[0m 1.764 ms - -[0m
[0mGET /api/v1/applications/sent [36m304[0m 2.492 ms - -[0m
[0mGET /api/v1/projects/user/joined [36m304[0m 3.943 ms - -[0m
[0mGET /api/v1/projects?status=RECRUITING [36m304[0m 19.575 ms - -[0m
[0mGET /api/v1/projects?status=RECRUITING [36m304[0m 15.369 ms - -[0m
[0mGET /api/v1/applications/sent [36m304[0m 4.381 ms - -[0m
[0mGET /api/v1/projects/d282c5fc-6563-4135-a4b0-57705e18a9f0 [32m200[0m 12.137 ms - 4454[0m
[0mGET /api/v1/applications/sent [36m304[0m 6.560 ms - -[0m
[0mGET /api/v1/projects/d282c5fc-6563-4135-a4b0-57705e18a9f0 [36m304[0m 6.828 ms - -[0m
📨 [Email Sent to kapileom27@gmail.com]: [ProjectX] New 48% Match Application from Vivek Jadhav for Autonomous Campus Shuttle System
ℹ️ [WhatsAppService]: WhatsApp provider "none" is not configured. Skipped.
📨 [Email Sent to student1@test.com]: [ProjectX] Application Submitted for Autonomous Campus Shuttle System (Embedded ROS2 Engineer)
[0mGET /api/v1/applications/sent [32m200[0m 4.464 ms - 647[0m
[0mGET /api/v1/projects/d282c5fc-6563-4135-a4b0-57705e18a9f0 [32m200[0m 7.389 ms - 5085[0m
[0mGET /api/v1/applications/sent [36m304[0m 4.234 ms - -[0m
[0mGET /api/v1/projects/d282c5fc-6563-4135-a4b0-57705e18a9f0 [36m304[0m 6.129 ms - -[0m
[0mPOST /api/v1/applications [32m201[0m 43294.136 ms - 356[0m
[0mGET /api/v1/applications/sent [36m304[0m 3.543 ms - -[0m
[0mGET /api/v1/projects/d282c5fc-6563-4135-a4b0-57705e18a9f0 [36m304[0m 7.663 ms - -[0m
[0mPOST /api/v1/auth/login [32m200[0m 81.898 ms - 3176[0m
[0mGET /api/v1/notifications?limit=20 [32m200[0m 3.140 ms - 1704[0m
[0mGET /api/v1/applications/sent [32m200[0m 2.948 ms - 2071[0m
[0mGET /api/v1/projects/user/joined [32m200[0m 5.432 ms - 10568[0m
[0mGET /api/v1/applications/sent [36m304[0m 2.311 ms - -[0m
[0mGET /api/v1/projects/user/created [32m200[0m 11.730 ms - 38400[0m
[0mGET /api/v1/projects?status=RECRUITING [32m200[0m 13.943 ms - 109014[0m
[0mGET /api/v1/projects/user/joined [36m304[0m 4.608 ms - -[0m
[0mGET /api/v1/projects/user/created [36m304[0m 8.185 ms - -[0m
[0mGET /api/v1/projects?status=RECRUITING [36m304[0m 10.053 ms - -[0m
[0mPATCH /api/v1/notifications/a1c0da63-43d2-449b-bff3-33fdb06cab00/read [32m200[0m 6.802 ms - 423[0m
[0mGET /api/v1/workspace/projects/d282c5fc-6563-4135-a4b0-57705e18a9f0/tasks [32m200[0m 12.409 ms - 2097[0m
[0mGET /api/v1/workspace/projects/d282c5fc-6563-4135-a4b0-57705e18a9f0/milestones [32m200[0m 5.819 ms - 544[0m
[0mGET /api/v1/workspace/projects/d282c5fc-6563-4135-a4b0-57705e18a9f0/files [32m200[0m 11.685 ms - 26[0m
[0mGET /api/v1/workspace/projects/d282c5fc-6563-4135-a4b0-57705e18a9f0/overview [32m200[0m 19.883 ms - 503[0m
[0mGET /api/v1/projects/d282c5fc-6563-4135-a4b0-57705e18a9f0 [32m200[0m 18.284 ms - 7288[0m
[0mGET /api/v1/projects/d282c5fc-6563-4135-a4b0-57705e18a9f0/team [32m200[0m 11.219 ms - 3624[0m
[0mGET /api/v1/applications/received?projectId=d282c5fc-6563-4135-a4b0-57705e18a9f0 [32m200[0m 5.322 ms - 5614[0m
[0mGET /api/v1/projects/d282c5fc-6563-4135-a4b0-57705e18a9f0/gaps [32m200[0m 4.242 ms - 2220[0m
[0mGET /api/v1/health/projects/d282c5fc-6563-4135-a4b0-57705e18a9f0/health [32m200[0m 8.079 ms - 2130[0m
[0mGET /api/v1/workspace/projects/d282c5fc-6563-4135-a4b0-57705e18a9f0/chat [32m200[0m 6.030 ms - 26[0m
[0mGET /api/v1/projects/d282c5fc-6563-4135-a4b0-57705e18a9f0/matches [32m200[0m 6.808 ms - 8611[0m
[0mGET /api/v1/workspace/projects/d282c5fc-6563-4135-a4b0-57705e18a9f0/tasks [36m304[0m 5.985 ms - -[0m
[0mGET /api/v1/workspace/projects/d282c5fc-6563-4135-a4b0-57705e18a9f0/milestones [36m304[0m 3.930 ms - -[0m
[0mGET /api/v1/workspace/projects/d282c5fc-6563-4135-a4b0-57705e18a9f0/files [36m304[0m 3.311 ms - -[0m
[0mGET /api/v1/workspace/projects/d282c5fc-6563-4135-a4b0-57705e18a9f0/overview [32m200[0m 4.013 ms - 502[0m
[0mGET /api/v1/projects/d282c5fc-6563-4135-a4b0-57705e18a9f0 [32m200[0m 7.587 ms - 7394[0m
[0mGET /api/v1/workspace/projects/d282c5fc-6563-4135-a4b0-57705e18a9f0/chat [36m304[0m 2.153 ms - -[0m
[0mGET /api/v1/projects/d282c5fc-6563-4135-a4b0-57705e18a9f0/team [36m304[0m 7.817 ms - -[0m
[0mGET /api/v1/applications/received?projectId=d282c5fc-6563-4135-a4b0-57705e18a9f0 [36m304[0m 7.717 ms - -[0m
[0mGET /api/v1/projects/d282c5fc-6563-4135-a4b0-57705e18a9f0/gaps [36m304[0m 5.866 ms - -[0m
[0mGET /api/v1/health/projects/d282c5fc-6563-4135-a4b0-57705e18a9f0/health [36m304[0m 6.185 ms - -[0m
[0mGET /api/v1/projects/d282c5fc-6563-4135-a4b0-57705e18a9f0/matches [36m304[0m 4.074 ms - -[0m
[0mGET /api/v1/colleges [36m304[0m 3.822 ms - -[0m
[0mGET /api/v1/applications/sent [36m304[0m 8.008 ms - -[0m
[0mGET /api/v1/colleges [36m304[0m 2.810 ms - -[0m
[0mGET /api/v1/projects/user/joined [36m304[0m 11.244 ms - -[0m
[0mGET /api/v1/applications/sent [36m304[0m 6.922 ms - -[0m
[0mGET /api/v1/projects/user/joined [36m304[0m 6.392 ms - -[0m
[0mGET /api/v1/projects?status=RECRUITING [32m200[0m 22.151 ms - 109013[0m
[0mGET /api/v1/projects?status=RECRUITING [36m304[0m 11.524 ms - -[0m
[0mGET /api/v1/applications/sent [36m304[0m 4.809 ms - -[0m
[0mGET /api/v1/projects/user/joined [36m304[0m 8.230 ms - -[0m
[0mGET /api/v1/projects/user/created [32m200[0m 16.287 ms - 38399[0m
[0mGET /api/v1/applications/sent [36m304[0m 6.466 ms - -[0m
[0mGET /api/v1/projects/user/joined [36m304[0m 7.169 ms - -[0m
[0mGET /api/v1/projects/user/created [36m304[0m 6.966 ms - -[0m
📨 [Email Sent to student1@test.com]: [ProjectX] Accepted! Welcome to Autonomous Campus Shuttle System
[0mGET /api/v1/applications/sent [36m304[0m 4.984 ms - -[0m
[0mGET /api/v1/projects/user/joined [36m304[0m 9.987 ms - -[0m
[0mGET /api/v1/projects/user/created [32m200[0m 13.862 ms - 38887[0m
[0mPATCH /api/v1/applications/f5dca03f-a179-4458-b94b-f5d3a0ac9de4/review [32m200[0m 2348.500 ms - 620[0m
[0mGET /api/v1/applications/sent [36m304[0m 6.357 ms - -[0m
[0mGET /api/v1/projects/user/joined [36m304[0m 10.781 ms - -[0m
[0mGET /api/v1/projects/user/created [36m304[0m 17.203 ms - -[0m
[0mPOST /api/v1/auth/login [32m200[0m 82.398 ms - 3166[0m
[0mGET /api/v1/notifications?limit=20 [32m200[0m 2.402 ms - 948[0m
[0mGET /api/v1/applications/sent [32m200[0m 2.175 ms - 648[0m
[0mGET /api/v1/projects/user/created [32m200[0m 4.876 ms - 9569[0m
[0mGET /api/v1/projects/user/joined [32m200[0m 3.699 ms - 2793[0m
[0mGET /api/v1/applications/sent [36m304[0m 2.937 ms - -[0m
[0mGET /api/v1/projects/user/joined [36m304[0m 2.775 ms - -[0m
[0mGET /api/v1/projects/user/created [36m304[0m 3.700 ms - -[0m
[0mGET /api/v1/projects?status=RECRUITING [32m200[0m 12.577 ms - 108450[0m
[0mGET /api/v1/projects?status=RECRUITING [36m304[0m 7.572 ms - -[0m
[0mGET /api/v1/applications/sent [36m304[0m 3.975 ms - -[0m
[0mGET /api/v1/projects/user/joined [36m304[0m 6.580 ms - -[0m
[0mGET /api/v1/projects/user/created [36m304[0m 8.207 ms - -[0m
[0mGET /api/v1/applications/sent [36m304[0m 3.339 ms - -[0m
[0mGET /api/v1/projects/user/joined [36m304[0m 4.991 ms - -[0m
[0mGET /api/v1/projects/user/created [36m304[0m 5.556 ms - -[0m
[0mGET /api/v1/applications/received?projectId=d282c5fc-6563-4135-a4b0-57705e18a9f0 [32m200[0m 5.270 ms - 26[0m
[0mGET /api/v1/projects/d282c5fc-6563-4135-a4b0-57705e18a9f0 [32m200[0m 8.965 ms - 6620[0m
[0mGET /api/v1/workspace/projects/d282c5fc-6563-4135-a4b0-57705e18a9f0/files [36m304[0m 5.675 ms - -[0m
[0mGET /api/v1/workspace/projects/d282c5fc-6563-4135-a4b0-57705e18a9f0/overview [32m200[0m 4.997 ms - 502[0m
[0mGET /api/v1/workspace/projects/d282c5fc-6563-4135-a4b0-57705e18a9f0/tasks [36m304[0m 4.777 ms - -[0m
[0mGET /api/v1/workspace/projects/d282c5fc-6563-4135-a4b0-57705e18a9f0/milestones [36m304[0m 4.512 ms - -[0m
[0mGET /api/v1/workspace/projects/d282c5fc-6563-4135-a4b0-57705e18a9f0/chat [32m200[0m 4.044 ms - 476[0m
[0mGET /api/v1/projects/d282c5fc-6563-4135-a4b0-57705e18a9f0/team [32m200[0m 7.251 ms - 4270[0m
[0mGET /api/v1/projects/d282c5fc-6563-4135-a4b0-57705e18a9f0/gaps [32m200[0m 6.493 ms - 2306[0m
[0mGET /api/v1/health/projects/d282c5fc-6563-4135-a4b0-57705e18a9f0/health [32m200[0m 10.219 ms - 2156[0m
[0mGET /api/v1/applications/received?projectId=d282c5fc-6563-4135-a4b0-57705e18a9f0 [36m304[0m 5.703 ms - -[0m
[0mGET /api/v1/projects/d282c5fc-6563-4135-a4b0-57705e18a9f0/matches [32m200[0m 7.737 ms - 7652[0m
[0mGET /api/v1/projects/d282c5fc-6563-4135-a4b0-57705e18a9f0 [32m200[0m 5.413 ms - 6630[0m
[0mGET /api/v1/workspace/projects/d282c5fc-6563-4135-a4b0-57705e18a9f0/files [36m304[0m 3.263 ms - -[0m
[0mGET /api/v1/workspace/projects/d282c5fc-6563-4135-a4b0-57705e18a9f0/overview [32m200[0m 4.546 ms - 501[0m
[0mGET /api/v1/workspace/projects/d282c5fc-6563-4135-a4b0-57705e18a9f0/tasks [36m304[0m 4.711 ms - -[0m
[0mGET /api/v1/workspace/projects/d282c5fc-6563-4135-a4b0-57705e18a9f0/milestones [36m304[0m 2.852 ms - -[0m
[0mGET /api/v1/workspace/projects/d282c5fc-6563-4135-a4b0-57705e18a9f0/chat [36m304[0m 3.568 ms - -[0m
[0mGET /api/v1/projects/d282c5fc-6563-4135-a4b0-57705e18a9f0/gaps [36m304[0m 5.411 ms - -[0m
[0mGET /api/v1/projects/d282c5fc-6563-4135-a4b0-57705e18a9f0/team [36m304[0m 6.829 ms - -[0m
[0mGET /api/v1/projects/d282c5fc-6563-4135-a4b0-57705e18a9f0/matches [36m304[0m 5.392 ms - -[0m
[0mGET /api/v1/health/projects/d282c5fc-6563-4135-a4b0-57705e18a9f0/health [36m304[0m 7.260 ms - -[0m
[0mGET /api/v1/messages/conversations [36m304[0m 5.883 ms - -[0m
[0mGET /api/v1/messages/conversations [36m304[0m 4.137 ms - -[0m
[0mGET /api/v1/colleges [36m304[0m 5.237 ms - -[0m
[0mGET /api/v1/applications/sent [36m304[0m 7.712 ms - -[0m
[0mGET /api/v1/colleges [36m304[0m 3.008 ms - -[0m
[0mGET /api/v1/projects/user/joined [32m200[0m 9.470 ms - 2792[0m
[0mGET /api/v1/applications/sent [36m304[0m 4.699 ms - -[0m
[0mGET /api/v1/projects/user/joined [36m304[0m 4.486 ms - -[0m
[0mGET /api/v1/projects?status=RECRUITING [32m200[0m 23.743 ms - 108449[0m
[0mGET /api/v1/projects?status=RECRUITING [36m304[0m 12.092 ms - -[0m
[0mGET /api/v1/applications/sent [36m304[0m 5.482 ms - -[0m
[0mGET /api/v1/projects/user/joined [36m304[0m 7.614 ms - -[0m
[0mGET /api/v1/projects/user/created [36m304[0m 10.329 ms - -[0m
[0mGET /api/v1/applications/sent [36m304[0m 5.237 ms - -[0m
[0mGET /api/v1/projects/user/joined [36m304[0m 6.664 ms - -[0m
[0mGET /api/v1/projects/user/created [36m304[0m 6.941 ms - -[0m
[INFO] 17:46:39 Restarting: /Users/omkapile/Desktop/STUDENTS/packages/common/dist/index.js has been modified

=================================================
🚀 ProjectX API Server running on port 4000 (0.0.0.0)
📡 Environment: development
🤖 AI Microservice URL: http://127.0.0.1:8000
=================================================

[INFO] 17:46:40 Restarting: /Users/omkapile/Desktop/STUDENTS/packages/db/dist/index.js has been modified

=================================================
🚀 ProjectX API Server running on port 4000 (0.0.0.0)
📡 Environment: development
🤖 AI Microservice URL: http://127.0.0.1:8000
=================================================

[INFO] 17:49:40 Restarting: /Users/omkapile/Desktop/STUDENTS/packages/db/dist/index.js has been modified

=================================================
🚀 ProjectX API Server running on port 4000 (0.0.0.0)
📡 Environment: development
🤖 AI Microservice URL: http://127.0.0.1:8000
=================================================

[INFO] 17:51:16 Restarting: /Users/omkapile/Desktop/STUDENTS/apps/backend/src/modules/health/health-engine.ts has been modified

=================================================
🚀 ProjectX API Server running on port 4000 (0.0.0.0)
📡 Environment: development
🤖 AI Microservice URL: http://127.0.0.1:8000
=================================================

[INFO] 17:53:39 Restarting: /Users/omkapile/Desktop/STUDENTS/apps/backend/src/modules/workspace/workspace.controller.ts has been modified

=================================================
🚀 ProjectX API Server running on port 4000 (0.0.0.0)
📡 Environment: development
🤖 AI Microservice URL: http://127.0.0.1:8000
=================================================

[INFO] 18:07:18 Restarting: /Users/omkapile/Desktop/STUDENTS/packages/common/dist/index.js has been modified

=================================================
🚀 ProjectX API Server running on port 4000 (0.0.0.0)
📡 Environment: development
🤖 AI Microservice URL: http://127.0.0.1:8000
=================================================

[0mGET /api/v1/auth/me [33m401[0m 4.549 ms - 76[0m
[0mGET /api/v1/notifications?limit=20 [33m401[0m 9.872 ms - 76[0m
[0mGET /api/v1/auth/me [33m401[0m 4.857 ms - 76[0m
[0mPOST /api/v1/auth/refresh [33m401[0m 0.866 ms - 63[0m
[0mGET /api/v1/notifications?limit=20 [33m401[0m 2.913 ms - 76[0m
[0mPOST /api/v1/auth/refresh [33m401[0m 1.986 ms - 63[0m
[0mGET /api/v1/projects/user/created [33m401[0m 0.268 ms - 82[0m
[0mPOST /api/v1/auth/refresh [33m401[0m 2.056 ms - 63[0m
[0mGET /api/v1/projects/user/joined [33m401[0m 1.162 ms - 82[0m
[0mGET /api/v1/applications/sent [33m401[0m 0.583 ms - 82[0m
[0mGET /api/v1/projects/user/created [33m401[0m 0.746 ms - 82[0m
[0mGET /api/v1/projects/user/joined [33m401[0m 0.158 ms - 82[0m
[0mGET /api/v1/applications/sent [33m401[0m 0.263 ms - 82[0m
[INFO] 18:09:54 Restarting: /Users/omkapile/Desktop/STUDENTS/packages/common/dist/index.js has been modified

=================================================
🚀 ProjectX API Server running on port 4000 (0.0.0.0)
📡 Environment: development
🤖 AI Microservice URL: http://127.0.0.1:8000
=================================================

[INFO] 18:09:55 Restarting: /Users/omkapile/Desktop/STUDENTS/packages/db/dist/index.js has been modified

=================================================
🚀 ProjectX API Server running on port 4000 (0.0.0.0)
📡 Environment: development
🤖 AI Microservice URL: http://127.0.0.1:8000
=================================================

[0mPOST /api/v1/auth/google [32m200[0m 89.650 ms - 1585[0m
[0mGET /api/v1/applications/sent [32m200[0m 4.119 ms - 26[0m
[0mGET /api/v1/colleges [32m200[0m 3.556 ms - 6323[0m
[0mGET /api/v1/notifications?limit=20 [32m200[0m 10.122 ms - 107[0m
[0mGET /api/v1/projects/user/joined [32m200[0m 7.589 ms - 26[0m
[0mGET /api/v1/applications/sent [36m304[0m 4.974 ms - -[0m
[0mGET /api/v1/colleges [36m304[0m 1.533 ms - -[0m
[0mGET /api/v1/projects/user/joined [36m304[0m 1.756 ms - -[0m
[0mGET /api/v1/projects?status=RECRUITING [32m200[0m 16.417 ms - 109031[0m
[0mGET /api/v1/projects?status=RECRUITING [36m304[0m 10.515 ms - -[0m
[0mGET /api/v1/projects/user/joined [36m304[0m 4.384 ms - -[0m
[0mGET /api/v1/applications/sent [36m304[0m 4.214 ms - -[0m
[0mGET /api/v1/projects/user/joined [36m304[0m 5.910 ms - -[0m
[0mGET /api/v1/applications/sent [36m304[0m 12.502 ms - -[0m
[0mGET /api/v1/projects/user/created [32m200[0m 31.009 ms - 4376[0m
[0mGET /api/v1/projects/user/created [36m304[0m 3.293 ms - -[0m
[0mPOST /api/v1/auth/login [32m200[0m 83.072 ms - 3166[0m
[0mGET /api/v1/notifications?limit=20 [36m304[0m 3.976 ms - -[0m
[0mGET /api/v1/applications/sent [32m200[0m 3.554 ms - 731[0m
[0mGET /api/v1/projects/user/created [32m200[0m 6.980 ms - 9569[0m
[0mGET /api/v1/projects/user/joined [32m200[0m 5.656 ms - 2547[0m
[0mGET /api/v1/applications/sent [36m304[0m 2.815 ms - -[0m
[0mGET /api/v1/projects/user/created [36m304[0m 3.327 ms - -[0m
[0mGET /api/v1/projects?status=RECRUITING [32m200[0m 12.666 ms - 113300[0m
[0mGET /api/v1/projects/user/joined [36m304[0m 3.647 ms - -[0m
[0mGET /api/v1/projects?status=RECRUITING [36m304[0m 8.590 ms - -[0m
[0mGET /api/v1/applications/sent [36m304[0m 4.241 ms - -[0m
[0mGET /api/v1/projects/user/joined [36m304[0m 6.301 ms - -[0m
[0mGET /api/v1/projects/user/created [36m304[0m 9.262 ms - -[0m
[0mGET /api/v1/applications/sent [36m304[0m 3.927 ms - -[0m
[0mGET /api/v1/projects/user/joined [36m304[0m 5.164 ms - -[0m
[0mGET /api/v1/projects/user/created [36m304[0m 5.393 ms - -[0m
[0mGET /api/v1/workspace/projects/370370c3-7894-4bea-b034-f7f01f960e01/overview [32m200[0m 7.780 ms - 507[0m
[0mGET /api/v1/workspace/projects/370370c3-7894-4bea-b034-f7f01f960e01/tasks [32m200[0m 8.106 ms - 3157[0m
[0mGET /api/v1/projects/370370c3-7894-4bea-b034-f7f01f960e01 [32m200[0m 12.641 ms - 6457[0m
[0mGET /api/v1/workspace/projects/370370c3-7894-4bea-b034-f7f01f960e01/files [32m200[0m 5.611 ms - 26[0m
[0mGET /api/v1/workspace/projects/370370c3-7894-4bea-b034-f7f01f960e01/milestones [32m200[0m 5.342 ms - 533[0m
[0mGET /api/v1/projects/370370c3-7894-4bea-b034-f7f01f960e01/team [32m200[0m 7.396 ms - 3644[0m
[0mGET /api/v1/applications/received?projectId=370370c3-7894-4bea-b034-f7f01f960e01 [32m200[0m 4.482 ms - 26[0m
[0mGET /api/v1/workspace/projects/370370c3-7894-4bea-b034-f7f01f960e01/chat [32m200[0m 7.300 ms - 26[0m
[0mGET /api/v1/health/projects/370370c3-7894-4bea-b034-f7f01f960e01/health [32m200[0m 10.845 ms - 2130[0m
[0mGET /api/v1/projects/370370c3-7894-4bea-b034-f7f01f960e01/gaps [32m200[0m 7.067 ms - 1370[0m
[0mGET /api/v1/projects/370370c3-7894-4bea-b034-f7f01f960e01/matches [32m200[0m 7.100 ms - 7011[0m
[0mGET /api/v1/workspace/projects/370370c3-7894-4bea-b034-f7f01f960e01/overview [32m200[0m 5.590 ms - 507[0m
[0mGET /api/v1/workspace/projects/370370c3-7894-4bea-b034-f7f01f960e01/tasks [36m304[0m 6.027 ms - -[0m
[0mGET /api/v1/projects/370370c3-7894-4bea-b034-f7f01f960e01 [32m200[0m 7.968 ms - 6520[0m
[0mGET /api/v1/workspace/projects/370370c3-7894-4bea-b034-f7f01f960e01/files [36m304[0m 7.107 ms - -[0m
[0mGET /api/v1/workspace/projects/370370c3-7894-4bea-b034-f7f01f960e01/milestones [36m304[0m 4.976 ms - -[0m
[0mGET /api/v1/applications/received?projectId=370370c3-7894-4bea-b034-f7f01f960e01 [36m304[0m 3.225 ms - -[0m
[0mGET /api/v1/projects/370370c3-7894-4bea-b034-f7f01f960e01/team [36m304[0m 5.604 ms - -[0m
[0mGET /api/v1/workspace/projects/370370c3-7894-4bea-b034-f7f01f960e01/chat [36m304[0m 3.833 ms - -[0m
[0mGET /api/v1/projects/370370c3-7894-4bea-b034-f7f01f960e01/gaps [36m304[0m 4.859 ms - -[0m
[0mGET /api/v1/health/projects/370370c3-7894-4bea-b034-f7f01f960e01/health [36m304[0m 7.232 ms - -[0m
[0mGET /api/v1/projects/370370c3-7894-4bea-b034-f7f01f960e01/matches [36m304[0m 5.685 ms - -[0m
[0mPATCH /api/v1/workspace/tasks/8653293e-de1b-4754-b0c8-ec4e1643b410/status [32m200[0m 18.803 ms - 799[0m
[0mGET /api/v1/workspace/projects/370370c3-7894-4bea-b034-f7f01f960e01/overview [32m200[0m 4.550 ms - 507[0m
[0mPATCH /api/v1/workspace/tasks/8653293e-de1b-4754-b0c8-ec4e1643b410/status [32m200[0m 17.663 ms - 789[0m
[0mGET /api/v1/workspace/projects/370370c3-7894-4bea-b034-f7f01f960e01/overview [32m200[0m 4.774 ms - 507[0m
[0mPATCH /api/v1/workspace/tasks/8653293e-de1b-4754-b0c8-ec4e1643b410/status [32m200[0m 16.581 ms - 800[0m
[0mGET /api/v1/workspace/projects/370370c3-7894-4bea-b034-f7f01f960e01/overview [32m200[0m 5.486 ms - 507[0m
[0mPATCH /api/v1/workspace/tasks/8653293e-de1b-4754-b0c8-ec4e1643b410/status [32m200[0m 16.378 ms - 800[0m
[0mGET /api/v1/workspace/projects/370370c3-7894-4bea-b034-f7f01f960e01/overview [32m200[0m 4.708 ms - 507[0m
[0mPATCH /api/v1/workspace/tasks/8653293e-de1b-4754-b0c8-ec4e1643b410/status [32m200[0m 17.122 ms - 792[0m
[0mGET /api/v1/workspace/projects/370370c3-7894-4bea-b034-f7f01f960e01/overview [32m200[0m 4.669 ms - 507[0m
[0mPATCH /api/v1/workspace/tasks/8653293e-de1b-4754-b0c8-ec4e1643b410/status [32m200[0m 17.288 ms - 799[0m
[0mGET /api/v1/workspace/projects/370370c3-7894-4bea-b034-f7f01f960e01/overview [32m200[0m 4.743 ms - 507[0m
[0mPATCH /api/v1/workspace/tasks/8653293e-de1b-4754-b0c8-ec4e1643b410/status [32m200[0m 16.125 ms - 789[0m
[0mGET /api/v1/workspace/projects/370370c3-7894-4bea-b034-f7f01f960e01/overview [32m200[0m 5.205 ms - 507[0m
[0mPOST /api/v1/auth/login [32m200[0m 83.573 ms - 3176[0m
[0mGET /api/v1/notifications?limit=20 [32m200[0m 2.676 ms - 1303[0m
[0mGET /api/v1/applications/sent [32m200[0m 3.911 ms - 2071[0m
[0mGET /api/v1/projects/user/joined [32m200[0m 6.293 ms - 10568[0m
[0mGET /api/v1/projects/user/created [32m200[0m 10.595 ms - 38983[0m
[0mGET /api/v1/applications/sent [36m304[0m 4.069 ms - -[0m
[0mGET /api/v1/projects?status=RECRUITING [32m200[0m 14.674 ms - 113289[0m
[0mGET /api/v1/projects/user/joined [36m304[0m 3.931 ms - -[0m
[0mGET /api/v1/projects/user/created [36m304[0m 5.676 ms - -[0m
[0mGET /api/v1/projects?status=RECRUITING [36m304[0m 16.514 ms - -[0m
[0mGET /api/v1/applications/sent [36m304[0m 7.229 ms - -[0m
[0mGET /api/v1/projects/user/joined [36m304[0m 11.612 ms - -[0m
[0mGET /api/v1/projects/user/created [36m304[0m 17.507 ms - -[0m
[0mGET /api/v1/applications/sent [36m304[0m 7.994 ms - -[0m
[0mGET /api/v1/projects/user/joined [36m304[0m 7.708 ms - -[0m
[0mGET /api/v1/projects/user/created [36m304[0m 10.454 ms - -[0m
[0mGET /api/v1/workspace/projects/2e680565-5f75-4535-8a0c-54ba3e4b6dfb/overview [32m200[0m 5.104 ms - 503[0m
[0mGET /api/v1/workspace/projects/2e680565-5f75-4535-8a0c-54ba3e4b6dfb/files [32m200[0m 4.387 ms - 26[0m
[0mGET /api/v1/projects/2e680565-5f75-4535-8a0c-54ba3e4b6dfb [32m200[0m 11.272 ms - 7239[0m
[0mGET /api/v1/workspace/projects/2e680565-5f75-4535-8a0c-54ba3e4b6dfb/tasks [32m200[0m 6.847 ms - 2570[0m
[0mGET /api/v1/workspace/projects/2e680565-5f75-4535-8a0c-54ba3e4b6dfb/milestones [32m200[0m 4.176 ms - 606[0m
[0mGET /api/v1/applications/received?projectId=2e680565-5f75-4535-8a0c-54ba3e4b6dfb [32m200[0m 2.866 ms - 26[0m
[0mGET /api/v1/projects/2e680565-5f75-4535-8a0c-54ba3e4b6dfb/team [32m200[0m 9.231 ms - 4776[0m
[0mGET /api/v1/workspace/projects/2e680565-5f75-4535-8a0c-54ba3e4b6dfb/chat [32m200[0m 5.607 ms - 935[0m
[0mGET /api/v1/health/projects/2e680565-5f75-4535-8a0c-54ba3e4b6dfb/health [32m200[0m 9.572 ms - 2513[0m
[0mGET /api/v1/projects/2e680565-5f75-4535-8a0c-54ba3e4b6dfb/gaps [32m200[0m 8.207 ms - 2734[0m
[0mGET /api/v1/projects/2e680565-5f75-4535-8a0c-54ba3e4b6dfb/matches [32m200[0m 9.686 ms - 8722[0m
[0mGET /api/v1/workspace/projects/2e680565-5f75-4535-8a0c-54ba3e4b6dfb/files [36m304[0m 7.842 ms - -[0m
[0mGET /api/v1/workspace/projects/2e680565-5f75-4535-8a0c-54ba3e4b6dfb/tasks [36m304[0m 5.332 ms - -[0m
[0mGET /api/v1/workspace/projects/2e680565-5f75-4535-8a0c-54ba3e4b6dfb/overview [32m200[0m 11.303 ms - 504[0m
[0mGET /api/v1/workspace/projects/2e680565-5f75-4535-8a0c-54ba3e4b6dfb/milestones [36m304[0m 4.213 ms - -[0m
[0mGET /api/v1/projects/2e680565-5f75-4535-8a0c-54ba3e4b6dfb [32m200[0m 10.579 ms - 7289[0m
[0mGET /api/v1/applications/received?projectId=2e680565-5f75-4535-8a0c-54ba3e4b6dfb [36m304[0m 4.142 ms - -[0m
[0mGET /api/v1/workspace/projects/2e680565-5f75-4535-8a0c-54ba3e4b6dfb/chat [36m304[0m 3.710 ms - -[0m
[0mGET /api/v1/projects/2e680565-5f75-4535-8a0c-54ba3e4b6dfb/team [36m304[0m 6.607 ms - -[0m
[0mGET /api/v1/projects/2e680565-5f75-4535-8a0c-54ba3e4b6dfb/matches [36m304[0m 5.914 ms - -[0m
[0mGET /api/v1/health/projects/2e680565-5f75-4535-8a0c-54ba3e4b6dfb/health [36m304[0m 7.066 ms - -[0m
[0mGET /api/v1/projects/2e680565-5f75-4535-8a0c-54ba3e4b6dfb/gaps [36m304[0m 6.959 ms - -[0m
[0mPOST /api/v1/auth/login [32m200[0m 82.983 ms - 3166[0m
[0mGET /api/v1/notifications?limit=20 [32m200[0m 2.943 ms - 107[0m
[0mGET /api/v1/applications/sent [32m200[0m 2.432 ms - 731[0m
[0mGET /api/v1/projects/user/created [32m200[0m 5.385 ms - 9569[0m
[0mGET /api/v1/projects/user/joined [32m200[0m 4.540 ms - 2547[0m
[0mGET /api/v1/applications/sent [36m304[0m 2.214 ms - -[0m
[0mGET /api/v1/projects/user/joined [36m304[0m 2.369 ms - -[0m
[0mGET /api/v1/projects/user/created [36m304[0m 3.463 ms - -[0m
[0mGET /api/v1/projects?status=RECRUITING [32m200[0m 12.283 ms - 113301[0m
[0mGET /api/v1/projects?status=RECRUITING [36m304[0m 8.061 ms - -[0m
[0mGET /api/v1/applications/sent [36m304[0m 3.240 ms - -[0m
[0mGET /api/v1/projects/user/joined [36m304[0m 5.334 ms - -[0m
[0mGET /api/v1/projects/user/created [36m304[0m 7.429 ms - -[0m
[0mGET /api/v1/applications/sent [36m304[0m 3.671 ms - -[0m
[0mGET /api/v1/projects/user/joined [36m304[0m 5.008 ms - -[0m
[0mGET /api/v1/projects/user/created [36m304[0m 5.882 ms - -[0m
[0mGET /api/v1/projects/370370c3-7894-4bea-b034-f7f01f960e01 [36m304[0m 11.580 ms - -[0m
[0mGET /api/v1/workspace/projects/370370c3-7894-4bea-b034-f7f01f960e01/overview [36m304[0m 10.137 ms - -[0m
[0mGET /api/v1/workspace/projects/370370c3-7894-4bea-b034-f7f01f960e01/tasks [32m200[0m 9.581 ms - 3157[0m
[0mGET /api/v1/workspace/projects/370370c3-7894-4bea-b034-f7f01f960e01/files [36m304[0m 9.263 ms - -[0m
[0mGET /api/v1/workspace/projects/370370c3-7894-4bea-b034-f7f01f960e01/milestones [36m304[0m 7.392 ms - -[0m
[0mGET /api/v1/projects/370370c3-7894-4bea-b034-f7f01f960e01/team [36m304[0m 9.646 ms - -[0m
[0mGET /api/v1/workspace/projects/370370c3-7894-4bea-b034-f7f01f960e01/chat [36m304[0m 6.019 ms - -[0m
[0mGET /api/v1/applications/received?projectId=370370c3-7894-4bea-b034-f7f01f960e01 [36m304[0m 3.222 ms - -[0m
[0mGET /api/v1/health/projects/370370c3-7894-4bea-b034-f7f01f960e01/health [36m304[0m 13.425 ms - -[0m
[0mGET /api/v1/projects/370370c3-7894-4bea-b034-f7f01f960e01/gaps [36m304[0m 6.112 ms - -[0m
[0mGET /api/v1/projects/370370c3-7894-4bea-b034-f7f01f960e01/matches [36m304[0m 6.736 ms - -[0m
[0mGET /api/v1/workspace/projects/370370c3-7894-4bea-b034-f7f01f960e01/overview [36m304[0m 4.320 ms - -[0m
[0mGET /api/v1/workspace/projects/370370c3-7894-4bea-b034-f7f01f960e01/files [36m304[0m 4.147 ms - -[0m
[0mGET /api/v1/projects/370370c3-7894-4bea-b034-f7f01f960e01 [36m304[0m 8.282 ms - -[0m
[0mGET /api/v1/workspace/projects/370370c3-7894-4bea-b034-f7f01f960e01/tasks [36m304[0m 6.928 ms - -[0m
[0mGET /api/v1/workspace/projects/370370c3-7894-4bea-b034-f7f01f960e01/milestones [36m304[0m 5.196 ms - -[0m
[0mGET /api/v1/workspace/projects/370370c3-7894-4bea-b034-f7f01f960e01/chat [36m304[0m 2.366 ms - -[0m
[0mGET /api/v1/projects/370370c3-7894-4bea-b034-f7f01f960e01/team [36m304[0m 5.114 ms - -[0m
[0mGET /api/v1/applications/received?projectId=370370c3-7894-4bea-b034-f7f01f960e01 [36m304[0m 2.834 ms - -[0m
[0mGET /api/v1/projects/370370c3-7894-4bea-b034-f7f01f960e01/gaps [36m304[0m 4.271 ms - -[0m
[0mGET /api/v1/projects/370370c3-7894-4bea-b034-f7f01f960e01/matches [36m304[0m 6.101 ms - -[0m
[0mGET /api/v1/health/projects/370370c3-7894-4bea-b034-f7f01f960e01/health [36m304[0m 7.150 ms - -[0m
[0mPATCH /api/v1/workspace/tasks/8653293e-de1b-4754-b0c8-ec4e1643b410/status [32m200[0m 17.716 ms - 789[0m
[0mGET /api/v1/workspace/projects/370370c3-7894-4bea-b034-f7f01f960e01/overview [36m304[0m 4.309 ms - -[0m
[0mPATCH /api/v1/workspace/tasks/8653293e-de1b-4754-b0c8-ec4e1643b410/status [32m200[0m 16.808 ms - 799[0m
[0mGET /api/v1/workspace/projects/370370c3-7894-4bea-b034-f7f01f960e01/overview [32m200[0m 6.781 ms - 507[0m
[0mPATCH /api/v1/workspace/tasks/8653293e-de1b-4754-b0c8-ec4e1643b410/status [32m200[0m 17.513 ms - 800[0m
[0mGET /api/v1/workspace/projects/370370c3-7894-4bea-b034-f7f01f960e01/overview [32m200[0m 5.960 ms - 507[0m
[0mPATCH /api/v1/workspace/tasks/8653293e-de1b-4754-b0c8-ec4e1643b410/status [32m200[0m 17.477 ms - 800[0m
[0mGET /api/v1/workspace/projects/370370c3-7894-4bea-b034-f7f01f960e01/overview [32m200[0m 4.798 ms - 507[0m
[0mPATCH /api/v1/workspace/tasks/8653293e-de1b-4754-b0c8-ec4e1643b410/status [32m200[0m 17.389 ms - 792[0m
[0mGET /api/v1/workspace/projects/370370c3-7894-4bea-b034-f7f01f960e01/overview [32m200[0m 5.341 ms - 507[0m
[0mPATCH /api/v1/workspace/tasks/8653293e-de1b-4754-b0c8-ec4e1643b410/status [32m200[0m 15.094 ms - 789[0m
[0mGET /api/v1/workspace/projects/370370c3-7894-4bea-b034-f7f01f960e01/overview [32m200[0m 5.491 ms - 507[0m
[0mPATCH /api/v1/workspace/tasks/8653293e-de1b-4754-b0c8-ec4e1643b410/status [32m200[0m 15.847 ms - 799[0m
[0mGET /api/v1/workspace/projects/370370c3-7894-4bea-b034-f7f01f960e01/overview [32m200[0m 3.512 ms - 507[0m
[0mPOST /api/v1/auth/login [32m200[0m 83.399 ms - 3176[0m
[0mGET /api/v1/notifications?limit=20 [32m200[0m 2.319 ms - 1303[0m
[0mGET /api/v1/applications/sent [32m200[0m 3.970 ms - 2071[0m
[0mGET /api/v1/projects/user/joined [32m200[0m 5.437 ms - 10569[0m
[0mGET /api/v1/projects/user/created [32m200[0m 8.260 ms - 38983[0m
[0mGET /api/v1/applications/sent [36m304[0m 2.327 ms - -[0m
[0mGET /api/v1/projects?status=RECRUITING [32m200[0m 13.287 ms - 113290[0m
[0mGET /api/v1/projects/user/joined [36m304[0m 5.095 ms - -[0m
[0mGET /api/v1/projects/user/created [36m304[0m 6.303 ms - -[0m
[0mGET /api/v1/projects?status=RECRUITING [36m304[0m 8.139 ms - -[0m
[0mGET /api/v1/applications/sent [36m304[0m 5.679 ms - -[0m
[0mGET /api/v1/projects/user/joined [36m304[0m 8.588 ms - -[0m
[0mGET /api/v1/projects/user/created [36m304[0m 17.508 ms - -[0m
[0mGET /api/v1/applications/sent [36m304[0m 6.500 ms - -[0m
[0mGET /api/v1/projects/user/joined [36m304[0m 8.341 ms - -[0m
[0mGET /api/v1/projects/user/created [36m304[0m 9.728 ms - -[0m
[0mGET /api/v1/colleges [36m304[0m 3.893 ms - -[0m
[0mGET /api/v1/applications/sent [36m304[0m 6.758 ms - -[0m
[0mGET /api/v1/colleges [36m304[0m 2.094 ms - -[0m
[0mGET /api/v1/projects/user/joined [36m304[0m 10.797 ms - -[0m
[0mGET /api/v1/applications/sent [36m304[0m 5.196 ms - -[0m
[0mGET /api/v1/projects/user/joined [36m304[0m 6.014 ms - -[0m
[0mGET /api/v1/projects?status=RECRUITING [36m304[0m 21.113 ms - -[0m
[0mGET /api/v1/projects?status=RECRUITING [36m304[0m 14.329 ms - -[0m
[INFO] 18:19:36 Restarting: /Users/omkapile/Desktop/STUDENTS/apps/backend/src/modules/projects/projects.controller.ts has been modified

=================================================
🚀 ProjectX API Server running on port 4000 (0.0.0.0)
📡 Environment: development
🤖 AI Microservice URL: http://127.0.0.1:8000
=================================================

[INFO] 18:20:41 Restarting: /Users/omkapile/Desktop/STUDENTS/packages/common/dist/index.js has been modified

=================================================
🚀 ProjectX API Server running on port 4000 (0.0.0.0)
📡 Environment: development
🤖 AI Microservice URL: http://127.0.0.1:8000
=================================================

[INFO] 18:20:42 Restarting: /Users/omkapile/Desktop/STUDENTS/packages/db/dist/index.js has been modified

=================================================
🚀 ProjectX API Server running on port 4000 (0.0.0.0)
📡 Environment: development
🤖 AI Microservice URL: http://127.0.0.1:8000
=================================================

[0mGET /api/v1/colleges [32m200[0m 10.818 ms - 6865[0m
[0mGET /api/v1/notifications?limit=20 [32m200[0m 23.151 ms - 8099[0m
[0mGET /api/v1/auth/me [32m200[0m 15.345 ms - 3044[0m
[0mGET /api/v1/applications/sent [36m304[0m 19.339 ms - -[0m
[0mGET /api/v1/projects/user/joined [32m200[0m 23.321 ms - 10897[0m
[0mGET /api/v1/colleges [36m304[0m 2.759 ms - -[0m
[0mGET /api/v1/notifications?limit=20 [36m304[0m 4.839 ms - -[0m
[0mGET /api/v1/auth/me [36m304[0m 5.018 ms - -[0m
[0mGET /api/v1/applications/sent [36m304[0m 3.735 ms - -[0m
[0mGET /api/v1/colleges [36m304[0m 1.712 ms - -[0m
[0mGET /api/v1/projects?status=RECRUITING [32m200[0m 32.796 ms - 94138[0m
[0mGET /api/v1/projects/user/joined [36m304[0m 6.823 ms - -[0m
[0mGET /api/v1/notifications?limit=20 [36m304[0m 5.988 ms - -[0m
[0mGET /api/v1/colleges [36m304[0m 1.224 ms - -[0m
[0mGET /api/v1/applications/sent [36m304[0m 3.584 ms - -[0m
[0mGET /api/v1/notifications?limit=20 [36m304[0m 2.443 ms - -[0m
[0mGET /api/v1/projects/user/joined [36m304[0m 6.495 ms - -[0m
[0mGET /api/v1/applications/sent [36m304[0m 4.649 ms - -[0m
[0mGET /api/v1/projects?status=RECRUITING [36m304[0m 12.973 ms - -[0m
[0mGET /api/v1/projects/user/joined [36m304[0m 4.667 ms - -[0m
[0mGET /api/v1/colleges [36m304[0m 1.908 ms - -[0m
[0mGET /api/v1/notifications?limit=20 [36m304[0m 4.573 ms - -[0m
[0mGET /api/v1/applications/sent [36m304[0m 5.700 ms - -[0m
[0mGET /api/v1/colleges [36m304[0m 2.361 ms - -[0m
[0mGET /api/v1/projects/user/joined [36m304[0m 11.352 ms - -[0m
[0mGET /api/v1/auth/me [36m304[0m 6.580 ms - -[0m
[0mGET /api/v1/notifications?limit=20 [36m304[0m 5.593 ms - -[0m
[0mGET /api/v1/applications/sent [36m304[0m 6.547 ms - -[0m
[0mGET /api/v1/auth/me [36m304[0m 3.467 ms - -[0m
[0mGET /api/v1/projects?status=RECRUITING [36m304[0m 19.126 ms - -[0m
[0mGET /api/v1/projects/user/joined [36m304[0m 6.884 ms - -[0m
[0mGET /api/v1/applications/sent [36m304[0m 3.850 ms - -[0m
[0mGET /api/v1/colleges [36m304[0m 0.901 ms - -[0m
[0mGET /api/v1/notifications?limit=20 [36m304[0m 1.693 ms - -[0m
[0mGET /api/v1/projects/user/joined [36m304[0m 4.745 ms - -[0m
[0mGET /api/v1/projects?status=RECRUITING [36m304[0m 11.400 ms - -[0m
[0mGET /api/v1/colleges [36m304[0m 1.142 ms - -[0m
[0mGET /api/v1/notifications?limit=20 [36m304[0m 2.078 ms - -[0m
[0mGET /api/v1/applications/sent [36m304[0m 2.592 ms - -[0m
[0mGET /api/v1/projects/user/joined [36m304[0m 4.066 ms - -[0m
[0mGET /api/v1/colleges [36m304[0m 2.321 ms - -[0m
[0mGET /api/v1/notifications?limit=20 [36m304[0m 4.285 ms - -[0m
[0mGET /api/v1/auth/me [36m304[0m 9.444 ms - -[0m
[0mGET /api/v1/applications/sent [36m304[0m 9.484 ms - -[0m
[0mGET /api/v1/colleges [36m304[0m 1.938 ms - -[0m
[0mGET /api/v1/projects/user/joined [36m304[0m 11.294 ms - -[0m
[0mGET /api/v1/notifications?limit=20 [36m304[0m 3.750 ms - -[0m
[0mGET /api/v1/auth/me [36m304[0m 4.611 ms - -[0m
[0mGET /api/v1/colleges [36m304[0m 1.174 ms - -[0m
[0mGET /api/v1/applications/sent [36m304[0m 3.461 ms - -[0m
[0mGET /api/v1/notifications?limit=20 [36m304[0m 2.800 ms - -[0m
[0mGET /api/v1/projects?status=RECRUITING [36m304[0m 23.088 ms - -[0m
[0mGET /api/v1/projects/user/joined [36m304[0m 7.054 ms - -[0m
[0mGET /api/v1/applications/sent [36m304[0m 4.132 ms - -[0m
[0mGET /api/v1/colleges [36m304[0m 1.337 ms - -[0m
[0mGET /api/v1/notifications?limit=20 [36m304[0m 2.974 ms - -[0m
[0mGET /api/v1/applications/sent [36m304[0m 2.908 ms - -[0m
[0mGET /api/v1/projects/user/joined [36m304[0m 6.263 ms - -[0m
[0mGET /api/v1/projects/user/joined [36m304[0m 2.546 ms - -[0m
[0mGET /api/v1/projects?status=RECRUITING [36m304[0m 12.324 ms - -[0m
[0mGET /api/v1/colleges [36m304[0m 4.504 ms - -[0m
[0mGET /api/v1/notifications?limit=20 [36m304[0m 8.101 ms - -[0m
[0mGET /api/v1/applications/sent [36m304[0m 7.922 ms - -[0m
[0mGET /api/v1/projects/user/joined [36m304[0m 9.651 ms - -[0m
[0mGET /api/v1/auth/me [36m304[0m 4.531 ms - -[0m
[0mGET /api/v1/colleges [36m304[0m 2.831 ms - -[0m
[0mGET /api/v1/notifications?limit=20 [36m304[0m 4.112 ms - -[0m
[0mGET /api/v1/applications/sent [36m304[0m 3.252 ms - -[0m
[0mGET /api/v1/auth/me [36m304[0m 2.637 ms - -[0m
[0mGET /api/v1/notifications?limit=20 [36m304[0m 1.537 ms - -[0m
[0mGET /api/v1/colleges [36m304[0m 1.358 ms - -[0m
[0mGET /api/v1/projects?status=RECRUITING [36m304[0m 17.863 ms - -[0m
[0mGET /api/v1/projects/user/joined [36m304[0m 9.379 ms - -[0m
[0mGET /api/v1/applications/sent [36m304[0m 5.634 ms - -[0m
[0mGET /api/v1/colleges [36m304[0m 1.091 ms - -[0m
[0mGET /api/v1/notifications?limit=20 [36m304[0m 2.775 ms - -[0m
[0mGET /api/v1/applications/sent [36m304[0m 3.836 ms - -[0m
[0mGET /api/v1/projects/user/joined [36m304[0m 6.750 ms - -[0m
[0mGET /api/v1/projects?status=RECRUITING [36m304[0m 11.735 ms - -[0m
[0mGET /api/v1/projects/user/joined [36m304[0m 4.062 ms - -[0m
[0mGET /api/v1/colleges [36m304[0m 1.897 ms - -[0m
[0mGET /api/v1/notifications?limit=20 [36m304[0m 6.231 ms - -[0m
[0mGET /api/v1/applications/sent [36m304[0m 5.194 ms - -[0m
[0mGET /api/v1/projects/user/joined [36m304[0m 8.099 ms - -[0m
[0mGET /api/v1/auth/me [36m304[0m 6.032 ms - -[0m
[0mGET /api/v1/colleges [36m304[0m 2.623 ms - -[0m
[0mGET /api/v1/notifications?limit=20 [36m304[0m 2.870 ms - -[0m
[0mGET /api/v1/applications/sent [36m304[0m 4.021 ms - -[0m
[0mGET /api/v1/colleges [36m304[0m 1.224 ms - -[0m
[0mGET /api/v1/notifications?limit=20 [36m304[0m 1.579 ms - -[0m
[0mGET /api/v1/auth/me [36m304[0m 4.150 ms - -[0m
[0mGET /api/v1/projects/user/joined [36m304[0m 6.306 ms - -[0m
[0mGET /api/v1/projects?status=RECRUITING [36m304[0m 20.045 ms - -[0m
[0mGET /api/v1/applications/sent [36m304[0m 5.185 ms - -[0m
[0mGET /api/v1/colleges [36m304[0m 1.181 ms - -[0m
[0mGET /api/v1/notifications?limit=20 [36m304[0m 2.255 ms - -[0m
[0mGET /api/v1/projects/user/joined [36m304[0m 5.127 ms - -[0m
[0mGET /api/v1/applications/sent [36m304[0m 2.805 ms - -[0m
[0mGET /api/v1/projects/user/joined [36m304[0m 3.032 ms - -[0m
[0mGET /api/v1/projects?status=RECRUITING [36m304[0m 10.898 ms - -[0m
[0mGET /api/v1/colleges [36m304[0m 2.794 ms - -[0m
[0mGET /api/v1/notifications?limit=20 [36m304[0m 5.250 ms - -[0m
[0mGET /api/v1/applications/sent [36m304[0m 6.991 ms - -[0m
[0mGET /api/v1/auth/me [36m304[0m 6.173 ms - -[0m
[0mGET /api/v1/colleges [36m304[0m 3.255 ms - -[0m
[0mGET /api/v1/projects/user/joined [36m304[0m 10.565 ms - -[0m
[0mGET /api/v1/notifications?limit=20 [36m304[0m 5.135 ms - -[0m
[0mGET /api/v1/colleges [36m304[0m 1.315 ms - -[0m
[0mGET /api/v1/applications/sent [36m304[0m 4.117 ms - -[0m
[0mGET /api/v1/auth/me [36m304[0m 2.668 ms - -[0m
[0mGET /api/v1/notifications?limit=20 [36m304[0m 1.930 ms - -[0m
[0mGET /api/v1/projects?status=RECRUITING [36m304[0m 22.232 ms - -[0m
[0mGET /api/v1/projects/user/joined [36m304[0m 8.178 ms - -[0m
[0mGET /api/v1/applications/sent [36m304[0m 6.824 ms - -[0m
[0mGET /api/v1/notifications?limit=20 [36m304[0m 2.399 ms - -[0m
[0mGET /api/v1/colleges [36m304[0m 2.595 ms - -[0m
[0mGET /api/v1/applications/sent [36m304[0m 2.313 ms - -[0m
[0mGET /api/v1/projects/user/joined [36m304[0m 6.939 ms - -[0m
[0mGET /api/v1/projects?status=RECRUITING [36m304[0m 11.541 ms - -[0m
[0mGET /api/v1/projects/user/joined [36m304[0m 3.783 ms - -[0m
[0mGET /api/v1/colleges [36m304[0m 2.034 ms - -[0m
[0mGET /api/v1/notifications?limit=20 [36m304[0m 5.404 ms - -[0m
[0mGET /api/v1/applications/sent [36m304[0m 6.454 ms - -[0m
[0mGET /api/v1/projects/user/joined [36m304[0m 10.564 ms - -[0m
[0mGET /api/v1/auth/me [36m304[0m 7.409 ms - -[0m
[0mGET /api/v1/colleges [36m304[0m 3.102 ms - -[0m
[0mGET /api/v1/notifications?limit=20 [36m304[0m 4.603 ms - -[0m
[0mGET /api/v1/applications/sent [36m304[0m 4.496 ms - -[0m
[0mGET /api/v1/notifications?limit=20 [36m304[0m 1.529 ms - -[0m
[0mGET /api/v1/colleges [36m304[0m 1.369 ms - -[0m
[0mGET /api/v1/auth/me [36m304[0m 3.215 ms - -[0m
[0mGET /api/v1/projects/user/joined [36m304[0m 6.043 ms - -[0m
[0mGET /api/v1/projects?status=RECRUITING [36m304[0m 24.634 ms - -[0m
[0mGET /api/v1/applications/sent [36m304[0m 8.606 ms - -[0m
[0mGET /api/v1/colleges [36m304[0m 0.827 ms - -[0m
[0mGET /api/v1/notifications?limit=20 [36m304[0m 1.749 ms - -[0m
[0mGET /api/v1/projects/user/joined [36m304[0m 7.390 ms - -[0m
[0mGET /api/v1/applications/sent [36m304[0m 2.021 ms - -[0m
[0mGET /api/v1/projects/user/joined [36m304[0m 2.758 ms - -[0m
[0mGET /api/v1/projects?status=RECRUITING [36m304[0m 10.416 ms - -[0m
[0mGET /api/v1/colleges [36m304[0m 1.826 ms - -[0m
[0mGET /api/v1/notifications?limit=20 [36m304[0m 4.218 ms - -[0m
[0mGET /api/v1/applications/sent [36m304[0m 4.946 ms - -[0m
[0mGET /api/v1/projects/user/joined [36m304[0m 9.309 ms - -[0m
[0mGET /api/v1/auth/me [36m304[0m 6.504 ms - -[0m
[0mGET /api/v1/colleges [36m304[0m 2.653 ms - -[0m
[0mGET /api/v1/notifications?limit=20 [36m304[0m 4.490 ms - -[0m
[0mGET /api/v1/applications/sent [36m304[0m 4.984 ms - -[0m
[0mGET /api/v1/auth/me [36m304[0m 2.512 ms - -[0m
[0mGET /api/v1/notifications?limit=20 [36m304[0m 2.237 ms - -[0m
[0mGET /api/v1/colleges [36m304[0m 1.976 ms - -[0m
[0mGET /api/v1/projects/user/joined [36m304[0m 7.626 ms - -[0m
[0mGET /api/v1/projects?status=RECRUITING [36m304[0m 21.249 ms - -[0m
[0mGET /api/v1/applications/sent [36m304[0m 5.352 ms - -[0m
[0mGET /api/v1/colleges [36m304[0m 1.596 ms - -[0m
[0mGET /api/v1/notifications?limit=20 [36m304[0m 2.407 ms - -[0m
[0mGET /api/v1/applications/sent [36m304[0m 3.184 ms - -[0m
[0mGET /api/v1/projects/user/joined [36m304[0m 5.751 ms - -[0m
[0mGET /api/v1/projects/user/joined [36m304[0m 2.755 ms - -[0m
[0mGET /api/v1/projects?status=RECRUITING [36m304[0m 11.311 ms - -[0m
[0mGET /api/v1/colleges [36m304[0m 2.347 ms - -[0m
[0mGET /api/v1/notifications?limit=20 [36m304[0m 4.204 ms - -[0m
[0mGET /api/v1/applications/sent [36m304[0m 4.135 ms - -[0m
[0mGET /api/v1/auth/me [36m304[0m 4.232 ms - -[0m
[0mGET /api/v1/colleges [36m304[0m 3.034 ms - -[0m
[0mGET /api/v1/projects/user/joined [36m304[0m 8.958 ms - -[0m
[0mGET /api/v1/notifications?limit=20 [36m304[0m 4.174 ms - -[0m
[0mGET /api/v1/applications/sent [36m304[0m 3.834 ms - -[0m
[0mGET /api/v1/auth/me [36m304[0m 3.201 ms - -[0m
[0mGET /api/v1/projects?status=RECRUITING [36m304[0m 20.150 ms - -[0m
[0mGET /api/v1/projects/user/joined [36m304[0m 8.888 ms - -[0m
[0mGET /api/v1/colleges [36m304[0m 0.756 ms - -[0m
[0mGET /api/v1/notifications?limit=20 [36m304[0m 2.324 ms - -[0m
[0mGET /api/v1/applications/sent [36m304[0m 2.909 ms - -[0m
[0mGET /api/v1/colleges [36m304[0m 1.792 ms - -[0m
[0mGET /api/v1/notifications?limit=20 [36m304[0m 2.510 ms - -[0m
[0mGET /api/v1/projects/user/joined [36m304[0m 5.478 ms - -[0m
[0mGET /api/v1/applications/sent [36m304[0m 3.366 ms - -[0m
[0mGET /api/v1/projects?status=RECRUITING [36m304[0m 11.687 ms - -[0m
[0mGET /api/v1/projects/user/joined [36m304[0m 4.483 ms - -[0m
[0mGET /api/v1/notifications?limit=20 [36m304[0m 4.621 ms - -[0m
[0mGET /api/v1/colleges [36m304[0m 3.993 ms - -[0m
[0mGET /api/v1/applications/sent [36m304[0m 8.097 ms - -[0m
[0mGET /api/v1/auth/me [36m304[0m 6.450 ms - -[0m
[0mGET /api/v1/colleges [36m304[0m 2.564 ms - -[0m
[0mGET /api/v1/notifications?limit=20 [36m304[0m 4.047 ms - -[0m
[0mGET /api/v1/projects/user/joined [36m304[0m 11.698 ms - -[0m
[0mGET /api/v1/colleges [36m304[0m 1.684 ms - -[0m
[0mGET /api/v1/applications/sent [36m304[0m 4.564 ms - -[0m
[0mGET /api/v1/auth/me [36m304[0m 4.262 ms - -[0m
[0mGET /api/v1/notifications?limit=20 [36m304[0m 3.620 ms - -[0m
[0mGET /api/v1/projects?status=RECRUITING [36m304[0m 21.062 ms - -[0m
[0mGET /api/v1/projects/user/joined [36m304[0m 7.960 ms - -[0m
[0mGET /api/v1/colleges [36m304[0m 0.881 ms - -[0m
[0mGET /api/v1/applications/sent [36m304[0m 6.118 ms - -[0m
[0mGET /api/v1/notifications?limit=20 [36m304[0m 2.735 ms - -[0m
[0mGET /api/v1/applications/sent [36m304[0m 1.969 ms - -[0m
[0mGET /api/v1/projects/user/joined [36m304[0m 5.642 ms - -[0m
[0mGET /api/v1/projects?status=RECRUITING [36m304[0m 10.957 ms - -[0m
[0mGET /api/v1/projects/user/joined [36m304[0m 3.987 ms - -[0m
[0mGET /api/v1/colleges [36m304[0m 3.621 ms - -[0m
[0mGET /api/v1/notifications?limit=20 [36m304[0m 7.669 ms - -[0m
[0mGET /api/v1/applications/sent [36m304[0m 7.304 ms - -[0m
[0mGET /api/v1/auth/me [36m304[0m 6.723 ms - -[0m
[0mGET /api/v1/projects/user/joined [36m304[0m 8.979 ms - -[0m
[0mGET /api/v1/colleges [36m304[0m 2.074 ms - -[0m
[0mGET /api/v1/notifications?limit=20 [36m304[0m 5.744 ms - -[0m
[0mGET /api/v1/applications/sent [36m304[0m 3.956 ms - -[0m
[0mGET /api/v1/colleges [36m304[0m 1.626 ms - -[0m
[0mGET /api/v1/projects?status=RECRUITING [36m304[0m 19.827 ms - -[0m
[0mGET /api/v1/auth/me [36m304[0m 8.071 ms - -[0m
[0mGET /api/v1/projects/user/joined [36m304[0m 6.809 ms - -[0m
[0mGET /api/v1/notifications?limit=20 [36m304[0m 4.256 ms - -[0m
[0mGET /api/v1/applications/sent [36m304[0m 4.368 ms - -[0m
[0mGET /api/v1/projects/user/joined [36m304[0m 3.241 ms - -[0m
[0mGET /api/v1/projects?status=RECRUITING [36m304[0m 9.450 ms - -[0m
[0mGET /api/v1/colleges [36m304[0m 1.267 ms - -[0m
[0mGET /api/v1/notifications?limit=20 [36m304[0m 2.661 ms - -[0m
[0mGET /api/v1/applications/sent [36m304[0m 3.972 ms - -[0m
[0mGET /api/v1/projects/user/joined [36m304[0m 4.816 ms - -[0m
[0mGET /api/v1/colleges [36m304[0m 2.258 ms - -[0m
[0mGET /api/v1/notifications?limit=20 [36m304[0m 4.770 ms - -[0m
[0mGET /api/v1/applications/sent [36m304[0m 7.836 ms - -[0m
[0mGET /api/v1/colleges [36m304[0m 2.351 ms - -[0m
[0mGET /api/v1/auth/me [36m304[0m 7.999 ms - -[0m
[0mGET /api/v1/projects/user/joined [36m304[0m 11.072 ms - -[0m
[0mGET /api/v1/notifications?limit=20 [36m304[0m 4.197 ms - -[0m
[0mGET /api/v1/auth/me [36m304[0m 4.236 ms - -[0m
[0mGET /api/v1/notifications?limit=20 [36m304[0m 1.823 ms - -[0m
[0mGET /api/v1/applications/sent [36m304[0m 5.384 ms - -[0m
[0mGET /api/v1/projects?status=RECRUITING [36m304[0m 19.969 ms - -[0m
[0mGET /api/v1/projects/user/joined [36m304[0m 6.494 ms - -[0m
[0mGET /api/v1/colleges [36m304[0m 4.821 ms - -[0m
[0mGET /api/v1/notifications?limit=20 [36m304[0m 1.735 ms - -[0m
[0mGET /api/v1/colleges [36m304[0m 1.713 ms - -[0m
[0mGET /api/v1/applications/sent [36m304[0m 4.308 ms - -[0m
[0mGET /api/v1/projects/user/joined [36m304[0m 6.213 ms - -[0m
[0mGET /api/v1/applications/sent [36m304[0m 2.848 ms - -[0m
[0mGET /api/v1/projects?status=RECRUITING [36m304[0m 12.008 ms - -[0m
[0mGET /api/v1/projects/user/joined [36m304[0m 3.521 ms - -[0m
[0mGET /api/v1/applications/sent [36m304[0m 3.966 ms - -[0m
[0mGET /api/v1/projects/user/joined [36m304[0m 9.138 ms - -[0m
[0mGET /api/v1/applications/sent [36m304[0m 4.249 ms - -[0m
[0mGET /api/v1/projects/user/created [32m200[0m 14.817 ms - 40577[0m
[0mGET /api/v1/projects/user/joined [36m304[0m 7.534 ms - -[0m
[0mGET /api/v1/projects/user/created [36m304[0m 9.439 ms - -[0m
[0mGET /api/v1/colleges [36m304[0m 3.344 ms - -[0m
[0mGET /api/v1/applications/sent [36m304[0m 6.377 ms - -[0m
[0mGET /api/v1/colleges [36m304[0m 2.288 ms - -[0m
[0mGET /api/v1/projects/user/joined [36m304[0m 10.296 ms - -[0m
[0mGET /api/v1/applications/sent [36m304[0m 4.559 ms - -[0m
[0mGET /api/v1/projects/user/joined [36m304[0m 5.646 ms - -[0m
[0mGET /api/v1/projects?status=RECRUITING [36m304[0m 19.207 ms - -[0m
[0mGET /api/v1/projects?status=RECRUITING [36m304[0m 11.071 ms - -[0m
[0mGET /api/v1/colleges [36m304[0m 3.729 ms - -[0m
[0mGET /api/v1/notifications?limit=20 [36m304[0m 6.938 ms - -[0m
[0mGET /api/v1/applications/sent [36m304[0m 11.197 ms - -[0m
[0mGET /api/v1/auth/me [36m304[0m 9.883 ms - -[0m
[0mGET /api/v1/projects/user/joined [36m304[0m 13.778 ms - -[0m
[0mGET /api/v1/colleges [36m304[0m 2.002 ms - -[0m
[0mGET /api/v1/notifications?limit=20 [36m304[0m 3.465 ms - -[0m
[0mGET /api/v1/applications/sent [36m304[0m 2.578 ms - -[0m
[0mGET /api/v1/colleges [36m304[0m 1.453 ms - -[0m
[0mGET /api/v1/auth/me [36m304[0m 5.230 ms - -[0m
[0mGET /api/v1/projects?status=RECRUITING [36m304[0m 28.756 ms - -[0m
[0mGET /api/v1/projects/user/joined [36m304[0m 12.796 ms - -[0m
[0mGET /api/v1/notifications?limit=20 [36m304[0m 10.789 ms - -[0m
[0mGET /api/v1/applications/sent [36m304[0m 10.542 ms - -[0m
[0mGET /api/v1/colleges [36m304[0m 1.751 ms - -[0m
[0mGET /api/v1/notifications?limit=20 [36m304[0m 2.301 ms - -[0m
[0mGET /api/v1/projects/user/joined [36m304[0m 5.478 ms - -[0m
[0mGET /api/v1/applications/sent [36m304[0m 4.462 ms - -[0m
[0mGET /api/v1/projects?status=RECRUITING [36m304[0m 15.176 ms - -[0m
[0mGET /api/v1/projects/user/joined [36m304[0m 6.394 ms - -[0m
[INFO] 18:29:37 Restarting: /Users/omkapile/Desktop/STUDENTS/apps/backend/src/modules/projects/projects.controller.ts has been modified

=================================================
🚀 ProjectX API Server running on port 4000 (0.0.0.0)
📡 Environment: development
🤖 AI Microservice URL: http://127.0.0.1:8000
=================================================

[0mGET /api/v1/notifications?limit=20 [36m304[0m 5.144 ms - -[0m
[INFO] 18:32:32 Restarting: /Users/omkapile/Desktop/STUDENTS/packages/common/dist/index.js has been modified

=================================================
🚀 ProjectX API Server running on port 4000 (0.0.0.0)
📡 Environment: development
🤖 AI Microservice URL: http://127.0.0.1:8000
=================================================

[INFO] 18:32:33 Restarting: /Users/omkapile/Desktop/STUDENTS/packages/db/dist/index.js has been modified

=================================================
🚀 ProjectX API Server running on port 4000 (0.0.0.0)
📡 Environment: development
🤖 AI Microservice URL: http://127.0.0.1:8000
=================================================

[0mGET /api/v1/applications/sent [33m401[0m 12.224 ms - 76[0m
[0mGET /api/v1/auth/me [33m401[0m 11.552 ms - 76[0m
[0mGET /api/v1/notifications?limit=20 [33m401[0m 23.260 ms - 76[0m
[0mGET /api/v1/colleges [32m200[0m 19.400 ms - 6777[0m
[0mGET /api/v1/projects/user/joined [33m401[0m 18.303 ms - 76[0m
[0mGET /api/v1/projects?status=RECRUITING [32m200[0m 28.841 ms - 109024[0m
[0mPOST /api/v1/auth/refresh [33m401[0m 4.935 ms - 63[0m
[0mGET /api/v1/applications/sent [33m401[0m 4.434 ms - 76[0m
[0mGET /api/v1/auth/me [33m401[0m 1.530 ms - 76[0m
[0mPOST /api/v1/auth/refresh [33m401[0m 0.726 ms - 63[0m
[0mGET /api/v1/notifications?limit=20 [33m401[0m 2.281 ms - 76[0m
[0mPOST /api/v1/auth/refresh [33m401[0m 2.658 ms - 63[0m
[0mGET /api/v1/colleges [36m304[0m 2.680 ms - -[0m
[0mGET /api/v1/projects/user/joined [33m401[0m 2.041 ms - 76[0m
[0mPOST /api/v1/auth/refresh [33m401[0m 0.826 ms - 63[0m
[0mGET /api/v1/projects?status=RECRUITING [36m304[0m 9.001 ms - -[0m
[0mPOST /api/v1/auth/google [32m200[0m 91.192 ms - 1586[0m
[0mGET /api/v1/colleges [32m200[0m 2.447 ms - 6777[0m
[0mGET /api/v1/notifications?limit=20 [32m200[0m 4.285 ms - 107[0m
[0mGET /api/v1/applications/sent [32m200[0m 3.656 ms - 26[0m
[0mGET /api/v1/projects/user/joined [32m200[0m 4.717 ms - 26[0m
[0mGET /api/v1/colleges [36m304[0m 2.157 ms - -[0m
[0mGET /api/v1/applications/sent [36m304[0m 1.795 ms - -[0m
[0mGET /api/v1/projects/user/joined [36m304[0m 1.373 ms - -[0m
[0mGET /api/v1/projects?status=RECRUITING [36m304[0m 12.756 ms - -[0m
[0mGET /api/v1/projects?status=RECRUITING [36m304[0m 8.514 ms - -[0m
[0mGET /api/v1/projects/user/joined [36m304[0m 5.638 ms - -[0m
[0mGET /api/v1/applications/sent [36m304[0m 6.797 ms - -[0m
[0mGET /api/v1/applications/sent [36m304[0m 2.077 ms - -[0m
[0mGET /api/v1/projects/user/joined [36m304[0m 5.640 ms - -[0m
[0mGET /api/v1/projects/user/created [32m200[0m 38.825 ms - 4560[0m
[0mGET /api/v1/projects/user/created [36m304[0m 5.687 ms - -[0m
[0mPOST /api/v1/auth/login [32m200[0m 83.193 ms - 3176[0m
[0mGET /api/v1/notifications?limit=20 [32m200[0m 3.257 ms - 1322[0m
[0mGET /api/v1/applications/sent [32m200[0m 2.941 ms - 2065[0m
[0mGET /api/v1/projects/user/joined [32m200[0m 5.271 ms - 10576[0m
[0mGET /api/v1/projects/user/created [32m200[0m 10.234 ms - 40121[0m
[0mGET /api/v1/applications/sent [36m304[0m 4.114 ms - -[0m
[0mGET /api/v1/projects?status=RECRUITING [32m200[0m 12.198 ms - 89277[0m
[0mGET /api/v1/projects/user/joined [36m304[0m 3.785 ms - -[0m
[0mGET /api/v1/projects/user/created [36m304[0m 5.579 ms - -[0m
[0mGET /api/v1/projects?status=RECRUITING [36m304[0m 7.667 ms - -[0m
[0mGET /api/v1/applications/sent [36m304[0m 3.705 ms - -[0m
[0mGET /api/v1/projects/user/joined [36m304[0m 7.202 ms - -[0m
[0mGET /api/v1/projects/user/created [36m304[0m 14.225 ms - -[0m
[0mGET /api/v1/applications/sent [36m304[0m 5.566 ms - -[0m
[0mGET /api/v1/projects/user/joined [36m304[0m 6.466 ms - -[0m
[0mGET /api/v1/projects/user/created [36m304[0m 10.045 ms - -[0m
[0mPOST /api/v1/auth/login [32m200[0m 82.841 ms - 3166[0m
[0mGET /api/v1/notifications?limit=20 [32m200[0m 2.524 ms - 107[0m
[0mGET /api/v1/applications/sent [32m200[0m 3.274 ms - 731[0m
[0mGET /api/v1/projects/user/created [32m200[0m 5.507 ms - 9933[0m
[0mGET /api/v1/projects/user/joined [32m200[0m 5.367 ms - 2547[0m
[0mGET /api/v1/applications/sent [36m304[0m 2.455 ms - -[0m
[0mGET /api/v1/projects/user/joined [36m304[0m 1.977 ms - -[0m
[0mGET /api/v1/projects/user/created [36m304[0m 2.912 ms - -[0m
[0mGET /api/v1/projects?status=RECRUITING [32m200[0m 12.535 ms - 104509[0m
[0mGET /api/v1/projects?status=RECRUITING [36m304[0m 7.402 ms - -[0m
[0mGET /api/v1/applications/sent [36m304[0m 4.827 ms - -[0m
[0mGET /api/v1/projects/user/joined [36m304[0m 7.947 ms - -[0m
[0mGET /api/v1/projects/user/created [36m304[0m 12.123 ms - -[0m
[0mGET /api/v1/applications/sent [36m304[0m 4.249 ms - -[0m
[0mGET /api/v1/projects/user/joined [36m304[0m 5.178 ms - -[0m
[0mGET /api/v1/projects/user/created [36m304[0m 6.623 ms - -[0m
[0mGET /api/v1/colleges [36m304[0m 4.422 ms - -[0m
[0mGET /api/v1/applications/sent [36m304[0m 6.065 ms - -[0m
[0mGET /api/v1/colleges [36m304[0m 1.812 ms - -[0m
[0mGET /api/v1/projects/user/joined [36m304[0m 6.554 ms - -[0m
[0mGET /api/v1/applications/sent [36m304[0m 4.442 ms - -[0m
[0mGET /api/v1/projects/user/joined [36m304[0m 5.574 ms - -[0m
[0mGET /api/v1/projects?status=RECRUITING [36m304[0m 19.301 ms - -[0m
[0mGET /api/v1/projects?status=RECRUITING [36m304[0m 13.055 ms - -[0m
[0mGET /api/v1/applications/sent [36m304[0m 5.048 ms - -[0m
[0mGET /api/v1/projects/72fc6343-6e78-4a61-a7ae-c6ad800ddd2b [32m200[0m 8.959 ms - 3926[0m
[0mGET /api/v1/applications/sent [36m304[0m 4.739 ms - -[0m
[0mGET /api/v1/projects/72fc6343-6e78-4a61-a7ae-c6ad800ddd2b [36m304[0m 7.370 ms - -[0m
📨 [Email Sent to google.student@stanford.edu]: [ProjectX] New 49% Match Application from Vivek Jadhav for Smart Hackathon Team Matcher
ℹ️ [WhatsAppService]: Project Lead Google student has no WhatsApp number configured. Skipped.
📨 [Email Sent to student1@test.com]: [ProjectX] Application Submitted for Smart Hackathon Team Matcher (Full-Stack React Developer)
[0mGET /api/v1/applications/sent [32m200[0m 5.101 ms - 1352[0m
[0mGET /api/v1/projects/72fc6343-6e78-4a61-a7ae-c6ad800ddd2b [32m200[0m 6.199 ms - 4377[0m
[0mGET /api/v1/applications/sent [36m304[0m 3.321 ms - -[0m
[0mGET /api/v1/projects/72fc6343-6e78-4a61-a7ae-c6ad800ddd2b [36m304[0m 4.026 ms - -[0m
[0mPOST /api/v1/applications [32m201[0m 2727.958 ms - 360[0m
[0mGET /api/v1/applications/sent [36m304[0m 3.777 ms - -[0m
[0mGET /api/v1/projects/72fc6343-6e78-4a61-a7ae-c6ad800ddd2b [36m304[0m 7.004 ms - -[0m
[0mPATCH /api/v1/notifications/ca609195-a05b-4ac8-b5fd-8012cf3b2de3/read [32m200[0m 6.326 ms - 441[0m
[0mPOST /api/v1/auth/login [32m200[0m 82.844 ms - 3176[0m
[0mGET /api/v1/notifications?limit=20 [32m200[0m 2.511 ms - 1322[0m
[0mGET /api/v1/applications/sent [32m200[0m 2.469 ms - 2065[0m
[0mGET /api/v1/projects/user/joined [32m200[0m 4.672 ms - 10576[0m
[0mGET /api/v1/projects/user/created [32m200[0m 9.342 ms - 40121[0m
[0mGET /api/v1/applications/sent [36m304[0m 3.065 ms - -[0m
[0mGET /api/v1/projects?status=RECRUITING [32m200[0m 11.897 ms - 89277[0m
[0mGET /api/v1/projects/user/joined [36m304[0m 5.519 ms - -[0m
[0mGET /api/v1/projects/user/created [36m304[0m 7.114 ms - -[0m
[0mGET /api/v1/projects?status=RECRUITING [36m304[0m 8.073 ms - -[0m
[0mPOST /api/v1/auth/login [32m200[0m 82.998 ms - 3166[0m
[0mGET /api/v1/notifications?limit=20 [32m200[0m 2.890 ms - 524[0m
[0mGET /api/v1/applications/sent [32m200[0m 3.926 ms - 1352[0m
[0mGET /api/v1/projects/user/created [32m200[0m 6.182 ms - 9933[0m
[0mGET /api/v1/projects/user/joined [32m200[0m 4.909 ms - 2547[0m
[0mGET /api/v1/projects?status=RECRUITING [32m200[0m 12.185 ms - 104508[0m
[0mGET /api/v1/colleges [36m304[0m 4.240 ms - -[0m
[0mGET /api/v1/applications/sent [36m304[0m 7.930 ms - -[0m
[0mGET /api/v1/colleges [36m304[0m 2.074 ms - -[0m
[0mGET /api/v1/projects/user/joined [36m304[0m 9.531 ms - -[0m
[0mGET /api/v1/applications/sent [36m304[0m 4.034 ms - -[0m
[0mGET /api/v1/projects/user/joined [36m304[0m 3.849 ms - -[0m
[0mGET /api/v1/projects?status=RECRUITING [36m304[0m 19.443 ms - -[0m
[0mGET /api/v1/projects?status=RECRUITING [36m304[0m 11.817 ms - -[0m
[0mGET /api/v1/applications/sent [36m304[0m 6.372 ms - -[0m
[0mGET /api/v1/projects/659e92e9-a578-459e-9496-129c6ea1f142 [32m200[0m 8.725 ms - 3763[0m
[0mGET /api/v1/applications/sent [36m304[0m 5.492 ms - -[0m
[0mGET /api/v1/projects/659e92e9-a578-459e-9496-129c6ea1f142 [36m304[0m 6.009 ms - -[0m
📨 [Email Sent to google.student@stanford.edu]: [ProjectX] New 91% Match Application from Vivek Jadhav for AI Campus Study Buddy & Flashcard Engine
ℹ️ [WhatsAppService]: Project Lead Google student has no WhatsApp number configured. Skipped.
📨 [Email Sent to student1@test.com]: [ProjectX] Application Submitted for AI Campus Study Buddy & Flashcard Engine (Python & NLP Developer)
[0mGET /api/v1/applications/sent [32m200[0m 5.305 ms - 1995[0m
[0mGET /api/v1/projects/659e92e9-a578-459e-9496-129c6ea1f142 [32m200[0m 6.446 ms - 4212[0m
[0mGET /api/v1/applications/sent [36m304[0m 4.375 ms - -[0m
[0mGET /api/v1/projects/659e92e9-a578-459e-9496-129c6ea1f142 [36m304[0m 5.239 ms - -[0m
[0mPOST /api/v1/applications [32m201[0m 2151.658 ms - 362[0m
[0mGET /api/v1/applications/sent [36m304[0m 4.857 ms - -[0m
[0mGET /api/v1/projects/659e92e9-a578-459e-9496-129c6ea1f142 [36m304[0m 8.184 ms - -[0m
[0mPOST /api/v1/auth/login [32m200[0m 83.123 ms - 3176[0m
[0mGET /api/v1/notifications?limit=20 [32m200[0m 2.788 ms - 1322[0m
[0mGET /api/v1/applications/sent [32m200[0m 3.481 ms - 2065[0m
[0mGET /api/v1/projects/user/joined [32m200[0m 5.548 ms - 10576[0m
[0mGET /api/v1/applications/sent [36m304[0m 2.496 ms - -[0m
[0mGET /api/v1/projects/user/created [32m200[0m 10.553 ms - 40121[0m
[0mGET /api/v1/projects?status=RECRUITING [32m200[0m 12.373 ms - 89277[0m
[0mGET /api/v1/projects/user/joined [36m304[0m 4.063 ms - -[0m
[0mGET /api/v1/projects/user/created [36m304[0m 5.114 ms - -[0m
[0mGET /api/v1/projects?status=RECRUITING [36m304[0m 7.014 ms - -[0m
[0mGET /api/v1/applications/sent [36m304[0m 4.232 ms - -[0m
[0mGET /api/v1/projects/user/joined [36m304[0m 8.096 ms - -[0m
[0mGET /api/v1/projects/user/created [36m304[0m 11.978 ms - -[0m
[0mGET /api/v1/applications/sent [36m304[0m 3.587 ms - -[0m
[0mGET /api/v1/projects/user/joined [36m304[0m 4.592 ms - -[0m
[0mGET /api/v1/projects/user/created [36m304[0m 8.347 ms - -[0m
📨 [Email Sent to alice@stanford.edu]: [ProjectX] Accepted! Welcome to Collaborative Peer Code Review Hub
[0mGET /api/v1/applications/sent [36m304[0m 3.428 ms - -[0m
[0mGET /api/v1/projects/user/joined [36m304[0m 7.779 ms - -[0m
[0mGET /api/v1/projects/user/created [32m200[0m 11.798 ms - 40605[0m
📨 [Email Sent to bob@mit.edu]: [ProjectX] Accepted! Welcome to AI Medical Diagnosis Assistant
[0mGET /api/v1/applications/sent [36m304[0m 5.016 ms - -[0m
[0mGET /api/v1/projects/user/joined [36m304[0m 8.786 ms - -[0m
[0mGET /api/v1/projects/user/created [32m200[0m 13.844 ms - 41140[0m
[0mPATCH /api/v1/applications/fda096de-948b-4c39-bbfc-a5bec30ee937/review [32m200[0m 1217.636 ms - 742[0m
[0mGET /api/v1/applications/sent [36m304[0m 2.125 ms - -[0m
[0mGET /api/v1/projects/user/joined [36m304[0m 4.968 ms - -[0m
[0mGET /api/v1/projects/user/created [36m304[0m 8.959 ms - -[0m
[0mPATCH /api/v1/applications/5f65604e-f92b-4d9e-a478-f6ab3e3a02a6/review [32m200[0m 1334.145 ms - 727[0m
[0mGET /api/v1/applications/sent [36m304[0m 5.043 ms - -[0m
[0mGET /api/v1/projects/user/joined [36m304[0m 9.843 ms - -[0m
[0mGET /api/v1/projects/user/created [36m304[0m 17.158 ms - -[0m
[0mPOST /api/v1/auth/login [32m200[0m 61.850 ms - 3166[0m
[0mGET /api/v1/projects [32m200[0m 10.131 ms - 104507[0m
[0mGET /api/v1/projects/f3b9afda-f729-47a7-8ae4-459eb28527a4 [32m200[0m 10.571 ms - 4469[0m
📨 [Email Sent to kapileom27@gmail.com]: [ProjectX] New 48% Match Application from Vivek Jadhav for Collaborative Peer Code Review Hub
[0mGET /api/v1/applications/sent [36m304[0m 1.656 ms - -[0m
[0mGET /api/v1/projects/user/joined [36m304[0m 3.794 ms - -[0m
[0mGET /api/v1/projects/user/created [32m200[0m 5.130 ms - 42832[0m
ℹ️ [WhatsAppService]: WhatsApp provider "none" is not configured. Skipped.
📨 [Email Sent to student1@test.com]: [ProjectX] Application Submitted for Collaborative Peer Code Review Hub (TypeScript & LSP Specialist)
[0mGET /api/v1/applications/sent [36m304[0m 4.274 ms - -[0m
[0mGET /api/v1/projects/user/joined [36m304[0m 7.650 ms - -[0m
[0mGET /api/v1/projects/user/created [36m304[0m 13.651 ms - -[0m
[0mPOST /api/v1/applications [32m201[0m 2152.771 ms - 361[0m
[0mGET /api/v1/notifications?limit=20 [32m200[0m 2.742 ms - 1728[0m
[0mGET /api/v1/auth/me [32m200[0m 3.856 ms - 3044[0m
[0mGET /api/v1/notifications?limit=20 [36m304[0m 3.574 ms - -[0m
[0mGET /api/v1/auth/me [36m304[0m 5.134 ms - -[0m
[0mGET /api/v1/notifications?limit=20 [36m304[0m 3.396 ms - -[0m
[0mGET /api/v1/notifications?limit=20 [36m304[0m 1.541 ms - -[0m
[0mGET /api/v1/applications/sent [36m304[0m 3.735 ms - -[0m
[0mGET /api/v1/projects/user/joined [36m304[0m 7.717 ms - -[0m
[0mGET /api/v1/projects/user/created [36m304[0m 11.377 ms - -[0m
[0mGET /api/v1/applications/sent [36m304[0m 2.960 ms - -[0m
[0mGET /api/v1/projects/user/joined [36m304[0m 5.399 ms - -[0m
[0mGET /api/v1/applications/sent [36m304[0m 2.955 ms - -[0m
[0mGET /api/v1/projects/user/joined [36m304[0m 4.016 ms - -[0m
[0mGET /api/v1/projects/user/created [36m304[0m 10.813 ms - -[0m
[0mGET /api/v1/projects/user/created [36m304[0m 4.497 ms - -[0m
[0mGET /api/v1/notifications?limit=20 [36m304[0m 2.941 ms - -[0m
[0mGET /api/v1/auth/me [36m304[0m 3.559 ms - -[0m
[0mGET /api/v1/notifications?limit=20 [36m304[0m 3.999 ms - -[0m
[0mGET /api/v1/auth/me [36m304[0m 5.457 ms - -[0m
[0mGET /api/v1/notifications?limit=20 [36m304[0m 2.043 ms - -[0m
[0mGET /api/v1/applications/sent [36m304[0m 3.873 ms - -[0m
[0mGET /api/v1/projects/user/joined [36m304[0m 8.277 ms - -[0m
[0mGET /api/v1/notifications?limit=20 [36m304[0m 2.807 ms - -[0m
[0mGET /api/v1/projects/user/created [36m304[0m 13.292 ms - -[0m
[0mGET /api/v1/applications/sent [36m304[0m 3.815 ms - -[0m
[0mGET /api/v1/projects/user/joined [36m304[0m 7.066 ms - -[0m
[0mGET /api/v1/applications/sent [36m304[0m 2.685 ms - -[0m
[0mGET /api/v1/projects/user/created [36m304[0m 9.358 ms - -[0m
[0mGET /api/v1/projects/user/joined [36m304[0m 4.556 ms - -[0m
[0mGET /api/v1/projects/user/created [36m304[0m 4.496 ms - -[0m
[0mGET /api/v1/notifications?limit=20 [36m304[0m 1.089 ms - -[0m
[0mGET /api/v1/auth/me [36m304[0m 2.886 ms - -[0m
[0mGET /api/v1/notifications?limit=20 [36m304[0m 4.714 ms - -[0m
[0mGET /api/v1/auth/me [36m304[0m 4.833 ms - -[0m
[0mGET /api/v1/notifications?limit=20 [36m304[0m 2.599 ms - -[0m
[0mGET /api/v1/applications/sent [36m304[0m 3.520 ms - -[0m
[0mGET /api/v1/projects/user/joined [36m304[0m 6.664 ms - -[0m
[0mGET /api/v1/notifications?limit=20 [36m304[0m 2.971 ms - -[0m
[0mGET /api/v1/projects/user/created [36m304[0m 9.734 ms - -[0m
[0mGET /api/v1/applications/sent [36m304[0m 3.484 ms - -[0m
[0mGET /api/v1/projects/user/joined [36m304[0m 2.941 ms - -[0m
[0mGET /api/v1/applications/sent [36m304[0m 3.601 ms - -[0m
[0mGET /api/v1/projects/user/joined [36m304[0m 5.281 ms - -[0m
[0mGET /api/v1/projects/user/created [36m304[0m 10.081 ms - -[0m
[0mGET /api/v1/projects/user/created [36m304[0m 4.433 ms - -[0m
[0mGET /api/v1/notifications?limit=20 [36m304[0m 1.640 ms - -[0m
[0mGET /api/v1/auth/me [36m304[0m 2.093 ms - -[0m
[0mGET /api/v1/notifications?limit=20 [36m304[0m 3.465 ms - -[0m
[0mGET /api/v1/auth/me [36m304[0m 5.779 ms - -[0m
[0mGET /api/v1/notifications?limit=20 [36m304[0m 2.616 ms - -[0m
[0mGET /api/v1/notifications?limit=20 [36m304[0m 1.605 ms - -[0m
[0mGET /api/v1/applications/sent [36m304[0m 4.721 ms - -[0m
[0mGET /api/v1/projects/user/joined [36m304[0m 8.244 ms - -[0m
[0mGET /api/v1/projects/user/created [36m304[0m 11.423 ms - -[0m
[0mGET /api/v1/applications/sent [36m304[0m 2.035 ms - -[0m
[0mGET /api/v1/projects/user/joined [36m304[0m 4.270 ms - -[0m
[0mGET /api/v1/applications/sent [36m304[0m 2.677 ms - -[0m
[0mGET /api/v1/projects/user/joined [36m304[0m 3.704 ms - -[0m
[0mGET /api/v1/projects/user/created [36m304[0m 9.033 ms - -[0m
[0mGET /api/v1/projects/user/created [36m304[0m 4.728 ms - -[0m
[0mPOST /api/v1/auth/login [32m200[0m 82.353 ms - 3166[0m
[0mGET /api/v1/notifications?limit=20 [32m200[0m 2.362 ms - 1377[0m
[0mGET /api/v1/applications/sent [32m200[0m 5.176 ms - 2689[0m
[0mGET /api/v1/projects/user/joined [32m200[0m 7.753 ms - 2547[0m
[0mGET /api/v1/projects/user/created [32m200[0m 7.462 ms - 9933[0m
[0mGET /api/v1/applications/sent [36m304[0m 2.301 ms - -[0m
[0mGET /api/v1/projects/user/joined [36m304[0m 2.293 ms - -[0m
[0mGET /api/v1/projects?status=RECRUITING [32m200[0m 14.094 ms - 104506[0m
[0mGET /api/v1/projects/user/created [36m304[0m 5.042 ms - -[0m
[0mGET /api/v1/projects?status=RECRUITING [36m304[0m 8.573 ms - -[0m
[0mGET /api/v1/projects/user/created [36m304[0m 11.622 ms - -[0m
[0mGET /api/v1/projects/user/joined [36m304[0m 6.972 ms - -[0m
[0mGET /api/v1/applications/sent [36m304[0m 5.579 ms - -[0m
[0mGET /api/v1/applications/sent [36m304[0m 3.554 ms - -[0m
[0mGET /api/v1/projects/user/joined [36m304[0m 5.311 ms - -[0m
[0mGET /api/v1/projects/user/created [36m304[0m 8.679 ms - -[0m
[0mGET /api/v1/colleges [36m304[0m 4.303 ms - -[0m
[0mGET /api/v1/applications/sent [36m304[0m 7.096 ms - -[0m
[0mGET /api/v1/colleges [36m304[0m 2.380 ms - -[0m
[0mGET /api/v1/projects/user/joined [36m304[0m 7.867 ms - -[0m
[0mGET /api/v1/applications/sent [36m304[0m 5.111 ms - -[0m
[0mGET /api/v1/projects/user/joined [36m304[0m 5.621 ms - -[0m
[0mGET /api/v1/projects?status=RECRUITING [36m304[0m 20.663 ms - -[0m
[0mGET /api/v1/projects?status=RECRUITING [36m304[0m 11.273 ms - -[0m
[0mGET /api/v1/applications/sent [36m304[0m 6.099 ms - -[0m
[0mGET /api/v1/projects/f3b9afda-f729-47a7-8ae4-459eb28527a4 [32m200[0m 10.531 ms - 5204[0m
[0mGET /api/v1/applications/sent [36m304[0m 4.682 ms - -[0m
[0mGET /api/v1/projects/f3b9afda-f729-47a7-8ae4-459eb28527a4 [36m304[0m 6.756 ms - -[0m
[0mDELETE /api/v1/applications/41c64c6d-3bde-4e44-88d4-cdfc4f80182a [32m200[0m 6.865 ms - 64[0m
[0mGET /api/v1/applications/sent [32m200[0m 6.140 ms - 1995[0m
[0mGET /api/v1/projects/f3b9afda-f729-47a7-8ae4-459eb28527a4 [32m200[0m 10.610 ms - 4469[0m
[0mGET /api/v1/applications/sent [36m304[0m 5.457 ms - -[0m
[0mGET /api/v1/projects/f3b9afda-f729-47a7-8ae4-459eb28527a4 [36m304[0m 7.140 ms - -[0m
📨 [Email Sent to kapileom27@gmail.com]: [ProjectX] New 48% Match Application from Vivek Jadhav for Collaborative Peer Code Review Hub
ℹ️ [WhatsAppService]: WhatsApp provider "none" is not configured. Skipped.
📨 [Email Sent to student1@test.com]: [ProjectX] Application Submitted for Collaborative Peer Code Review Hub (TypeScript & LSP Specialist)
[0mGET /api/v1/applications/sent [32m200[0m 6.190 ms - 2618[0m
[0mGET /api/v1/projects/f3b9afda-f729-47a7-8ae4-459eb28527a4 [32m200[0m 10.083 ms - 5204[0m
[0mGET /api/v1/applications/sent [36m304[0m 3.380 ms - -[0m
[0mGET /api/v1/projects/f3b9afda-f729-47a7-8ae4-459eb28527a4 [36m304[0m 5.249 ms - -[0m
[0mPOST /api/v1/applications [32m201[0m 2259.351 ms - 361[0m
[0mGET /api/v1/applications/sent [36m304[0m 4.754 ms - -[0m
[0mGET /api/v1/projects/f3b9afda-f729-47a7-8ae4-459eb28527a4 [36m304[0m 9.441 ms - -[0m
[0mPOST /api/v1/auth/login [32m200[0m 83.071 ms - 3176[0m
[0mGET /api/v1/notifications?limit=20 [32m200[0m 3.776 ms - 2134[0m
[0mGET /api/v1/applications/sent [32m200[0m 3.245 ms - 2065[0m
[0mGET /api/v1/projects/user/joined [32m200[0m 5.150 ms - 10576[0m
[0mGET /api/v1/projects/user/created [32m200[0m 12.107 ms - 42761[0m
[0mGET /api/v1/applications/sent [36m304[0m 4.686 ms - -[0m
[0mGET /api/v1/projects?status=RECRUITING [32m200[0m 13.609 ms - 89277[0m
[0mGET /api/v1/projects/user/joined [36m304[0m 4.143 ms - -[0m
[0mGET /api/v1/projects/user/created [36m304[0m 8.302 ms - -[0m
[0mGET /api/v1/projects?status=RECRUITING [36m304[0m 11.262 ms - -[0m
[0mGET /api/v1/applications/sent [36m304[0m 6.255 ms - -[0m
[0mGET /api/v1/projects/f3b9afda-f729-47a7-8ae4-459eb28527a4 [32m200[0m 11.304 ms - 7604[0m
[0mGET /api/v1/applications/sent [36m304[0m 4.138 ms - -[0m
[0mGET /api/v1/projects/f3b9afda-f729-47a7-8ae4-459eb28527a4 [36m304[0m 6.774 ms - -[0m
[0mGET /api/v1/workspace/projects/f3b9afda-f729-47a7-8ae4-459eb28527a4/overview [32m200[0m 7.775 ms - 504[0m
[0mGET /api/v1/projects/f3b9afda-f729-47a7-8ae4-459eb28527a4 [36m304[0m 8.794 ms - -[0m
[0mGET /api/v1/workspace/projects/f3b9afda-f729-47a7-8ae4-459eb28527a4/tasks [32m200[0m 7.564 ms - 2282[0m
[0mGET /api/v1/workspace/projects/f3b9afda-f729-47a7-8ae4-459eb28527a4/files [32m200[0m 6.497 ms - 26[0m
[0mGET /api/v1/workspace/projects/f3b9afda-f729-47a7-8ae4-459eb28527a4/milestones [32m200[0m 5.760 ms - 554[0m
[0mGET /api/v1/projects/f3b9afda-f729-47a7-8ae4-459eb28527a4/team [32m200[0m 8.464 ms - 4404[0m
[0mGET /api/v1/applications/received?projectId=f3b9afda-f729-47a7-8ae4-459eb28527a4 [32m200[0m 5.013 ms - 4451[0m
[0mGET /api/v1/workspace/projects/f3b9afda-f729-47a7-8ae4-459eb28527a4/chat [32m200[0m 7.083 ms - 479[0m
[0mGET /api/v1/projects/f3b9afda-f729-47a7-8ae4-459eb28527a4/gaps [32m200[0m 5.200 ms - 2120[0m
[0mGET /api/v1/health/projects/f3b9afda-f729-47a7-8ae4-459eb28527a4/health [32m200[0m 11.066 ms - 2140[0m
[0mGET /api/v1/projects/f3b9afda-f729-47a7-8ae4-459eb28527a4/matches [32m200[0m 8.891 ms - 8173[0m
[0mGET /api/v1/workspace/projects/f3b9afda-f729-47a7-8ae4-459eb28527a4/files [36m304[0m 4.096 ms - -[0m
[0mGET /api/v1/workspace/projects/f3b9afda-f729-47a7-8ae4-459eb28527a4/milestones [36m304[0m 4.257 ms - -[0m
[0mGET /api/v1/workspace/projects/f3b9afda-f729-47a7-8ae4-459eb28527a4/tasks [36m304[0m 6.737 ms - -[0m
[0mGET /api/v1/workspace/projects/f3b9afda-f729-47a7-8ae4-459eb28527a4/overview [32m200[0m 9.084 ms - 502[0m
[0mGET /api/v1/projects/f3b9afda-f729-47a7-8ae4-459eb28527a4 [32m200[0m 10.132 ms - 7706[0m
[0mGET /api/v1/projects/f3b9afda-f729-47a7-8ae4-459eb28527a4/team [36m304[0m 8.075 ms - -[0m
[0mGET /api/v1/applications/received?projectId=f3b9afda-f729-47a7-8ae4-459eb28527a4 [36m304[0m 6.611 ms - -[0m
[0mGET /api/v1/workspace/projects/f3b9afda-f729-47a7-8ae4-459eb28527a4/chat [36m304[0m 4.846 ms - -[0m
[0mGET /api/v1/projects/f3b9afda-f729-47a7-8ae4-459eb28527a4/gaps [36m304[0m 4.331 ms - -[0m
[0mGET /api/v1/projects/f3b9afda-f729-47a7-8ae4-459eb28527a4/matches [36m304[0m 3.667 ms - -[0m
[0mGET /api/v1/health/projects/f3b9afda-f729-47a7-8ae4-459eb28527a4/health [36m304[0m 5.179 ms - -[0m
[0mPATCH /api/v1/workspace/tasks/43a0f0a4-4bab-4af1-922f-fe6c0f4c59ee/status [32m200[0m 19.751 ms - 769[0m
[0mGET /api/v1/workspace/projects/f3b9afda-f729-47a7-8ae4-459eb28527a4/overview [32m200[0m 3.806 ms - 502[0m
[0mPATCH /api/v1/workspace/tasks/43a0f0a4-4bab-4af1-922f-fe6c0f4c59ee/status [32m200[0m 17.803 ms - 759[0m
[0mGET /api/v1/workspace/projects/f3b9afda-f729-47a7-8ae4-459eb28527a4/overview [32m200[0m 4.007 ms - 502[0m
[0mGET /api/v1/applications/sent [36m304[0m 6.663 ms - -[0m
[0mGET /api/v1/projects/f3b9afda-f729-47a7-8ae4-459eb28527a4 [36m304[0m 10.144 ms - -[0m
[0mGET /api/v1/applications/sent [36m304[0m 5.070 ms - -[0m
[0mGET /api/v1/projects/f3b9afda-f729-47a7-8ae4-459eb28527a4 [36m304[0m 6.902 ms - -[0m
[0mPOST /api/v1/auth/login [32m200[0m 82.516 ms - 3176[0m
[0mGET /api/v1/notifications?limit=20 [36m304[0m 3.197 ms - -[0m
[0mGET /api/v1/applications/sent [36m304[0m 3.400 ms - -[0m
[0mGET /api/v1/applications/sent [36m304[0m 1.416 ms - -[0m
[0mGET /api/v1/projects/user/joined [36m304[0m 5.058 ms - -[0m
[0mGET /api/v1/projects/user/created [32m200[0m 9.018 ms - 42759[0m
[0mGET /api/v1/projects?status=RECRUITING [36m304[0m 10.712 ms - -[0m
[0mGET /api/v1/projects/user/joined [36m304[0m 3.321 ms - -[0m
[0mGET /api/v1/projects/user/created [36m304[0m 6.926 ms - -[0m
[0mGET /api/v1/projects?status=RECRUITING [36m304[0m 7.479 ms - -[0m
[0mPOST /api/v1/auth/login [32m200[0m 82.876 ms - 3166[0m
[0mGET /api/v1/notifications?limit=20 [32m200[0m 2.146 ms - 1803[0m
[0mGET /api/v1/applications/sent [32m200[0m 3.530 ms - 2618[0m
[0mGET /api/v1/projects/user/created [32m200[0m 7.114 ms - 9933[0m
[0mGET /api/v1/projects/user/joined [32m200[0m 5.894 ms - 2547[0m
[0mGET /api/v1/projects?status=RECRUITING [32m200[0m 12.337 ms - 104504[0m
[0mGET /api/v1/colleges [36m304[0m 3.280 ms - -[0m
[0mGET /api/v1/applications/sent [36m304[0m 6.905 ms - -[0m
[0mGET /api/v1/colleges [36m304[0m 1.907 ms - -[0m
[0mGET /api/v1/projects/user/joined [36m304[0m 7.807 ms - -[0m
[0mGET /api/v1/applications/sent [36m304[0m 3.885 ms - -[0m
[0mGET /api/v1/projects/user/joined [36m304[0m 5.570 ms - -[0m
[0mGET /api/v1/projects?status=RECRUITING [36m304[0m 20.335 ms - -[0m
[0mGET /api/v1/projects?status=RECRUITING [36m304[0m 15.833 ms - -[0m
[0mGET /api/v1/applications/sent [36m304[0m 5.966 ms - -[0m
[0mGET /api/v1/projects/cf9e7f2e-fb4e-439b-99bc-4005ca2cf077 [32m200[0m 9.782 ms - 4454[0m
[0mGET /api/v1/applications/sent [36m304[0m 5.230 ms - -[0m
[0mGET /api/v1/projects/cf9e7f2e-fb4e-439b-99bc-4005ca2cf077 [36m304[0m 6.640 ms - -[0m
[0mGET /api/v1/colleges [36m304[0m 4.309 ms - -[0m
[0mGET /api/v1/applications/sent [36m304[0m 6.624 ms - -[0m
[0mGET /api/v1/colleges [36m304[0m 2.118 ms - -[0m
[0mGET /api/v1/projects/user/joined [36m304[0m 6.700 ms - -[0m
[0mGET /api/v1/applications/sent [36m304[0m 4.734 ms - -[0m
[0mGET /api/v1/projects/user/joined [36m304[0m 3.834 ms - -[0m
[0mGET /api/v1/projects?status=RECRUITING [36m304[0m 19.369 ms - -[0m
[0mGET /api/v1/projects?status=RECRUITING [36m304[0m 10.832 ms - -[0m
[0mPOST /api/v1/auth/login [32m200[0m 83.010 ms - 3176[0m
[0mGET /api/v1/notifications?limit=20 [32m200[0m 1.863 ms - 2134[0m
[0mGET /api/v1/applications/sent [32m200[0m 3.486 ms - 2065[0m
[0mGET /api/v1/projects/user/joined [32m200[0m 4.514 ms - 10576[0m
[0mGET /api/v1/projects/user/created [32m200[0m 9.332 ms - 42759[0m
[0mGET /api/v1/projects?status=RECRUITING [32m200[0m 11.366 ms - 89277[0m
[0mGET /api/v1/applications/sent [36m304[0m 5.424 ms - -[0m
[0mGET /api/v1/projects/user/joined [36m304[0m 5.888 ms - -[0m
[0mGET /api/v1/projects/user/created [36m304[0m 5.063 ms - -[0m
[0mGET /api/v1/projects?status=RECRUITING [36m304[0m 7.342 ms - -[0m
[0mGET /api/v1/applications/sent [36m304[0m 5.168 ms - -[0m
[0mGET /api/v1/projects/user/joined [36m304[0m 9.409 ms - -[0m
[0mGET /api/v1/projects/user/created [36m304[0m 14.905 ms - -[0m
[0mGET /api/v1/applications/sent [36m304[0m 4.513 ms - -[0m
[0mGET /api/v1/projects/user/joined [36m304[0m 6.300 ms - -[0m
[0mGET /api/v1/projects/user/created [36m304[0m 11.960 ms - -[0m
[0mGET /api/v1/workspace/projects/f3b9afda-f729-47a7-8ae4-459eb28527a4/files [36m304[0m 6.462 ms - -[0m
[0mGET /api/v1/workspace/projects/f3b9afda-f729-47a7-8ae4-459eb28527a4/overview [36m304[0m 9.374 ms - -[0m
[0mGET /api/v1/projects/f3b9afda-f729-47a7-8ae4-459eb28527a4 [36m304[0m 12.150 ms - -[0m
[0mGET /api/v1/workspace/projects/f3b9afda-f729-47a7-8ae4-459eb28527a4/tasks [32m200[0m 8.137 ms - 2282[0m
[0mGET /api/v1/workspace/projects/f3b9afda-f729-47a7-8ae4-459eb28527a4/milestones [36m304[0m 6.314 ms - -[0m
[0mGET /api/v1/projects/f3b9afda-f729-47a7-8ae4-459eb28527a4/team [36m304[0m 11.495 ms - -[0m
[0mGET /api/v1/workspace/projects/f3b9afda-f729-47a7-8ae4-459eb28527a4/chat [36m304[0m 3.657 ms - -[0m
[0mGET /api/v1/applications/received?projectId=f3b9afda-f729-47a7-8ae4-459eb28527a4 [36m304[0m 7.830 ms - -[0m
[0mGET /api/v1/health/projects/f3b9afda-f729-47a7-8ae4-459eb28527a4/health [36m304[0m 12.206 ms - -[0m
[0mGET /api/v1/projects/f3b9afda-f729-47a7-8ae4-459eb28527a4/matches [36m304[0m 9.196 ms - -[0m
[0mGET /api/v1/projects/f3b9afda-f729-47a7-8ae4-459eb28527a4/gaps [36m304[0m 11.813 ms - -[0m
[0mGET /api/v1/workspace/projects/f3b9afda-f729-47a7-8ae4-459eb28527a4/overview [36m304[0m 5.471 ms - -[0m
[0mGET /api/v1/workspace/projects/f3b9afda-f729-47a7-8ae4-459eb28527a4/files [36m304[0m 8.793 ms - -[0m
[0mGET /api/v1/projects/f3b9afda-f729-47a7-8ae4-459eb28527a4 [36m304[0m 7.266 ms - -[0m
[0mGET /api/v1/workspace/projects/f3b9afda-f729-47a7-8ae4-459eb28527a4/tasks [36m304[0m 4.749 ms - -[0m
[0mGET /api/v1/workspace/projects/f3b9afda-f729-47a7-8ae4-459eb28527a4/milestones [36m304[0m 4.101 ms - -[0m
[0mGET /api/v1/workspace/projects/f3b9afda-f729-47a7-8ae4-459eb28527a4/chat [36m304[0m 3.599 ms - -[0m
[0mGET /api/v1/projects/f3b9afda-f729-47a7-8ae4-459eb28527a4/team [36m304[0m 7.050 ms - -[0m
[0mGET /api/v1/applications/received?projectId=f3b9afda-f729-47a7-8ae4-459eb28527a4 [36m304[0m 4.993 ms - -[0m
[0mGET /api/v1/projects/f3b9afda-f729-47a7-8ae4-459eb28527a4/matches [36m304[0m 5.957 ms - -[0m
[0mGET /api/v1/projects/f3b9afda-f729-47a7-8ae4-459eb28527a4/gaps [36m304[0m 5.667 ms - -[0m
[0mGET /api/v1/health/projects/f3b9afda-f729-47a7-8ae4-459eb28527a4/health [36m304[0m 8.817 ms - -[0m
[0mGET /api/v1/applications/sent [36m304[0m 7.114 ms - -[0m
[0mGET /api/v1/projects/user/joined [36m304[0m 12.594 ms - -[0m
[0mGET /api/v1/projects/user/created [36m304[0m 19.512 ms - -[0m
[0mGET /api/v1/applications/sent [36m304[0m 7.553 ms - -[0m
[0mGET /api/v1/projects/user/joined [36m304[0m 7.943 ms - -[0m
[0mGET /api/v1/projects/user/created [36m304[0m 8.001 ms - -[0m
[0mGET /api/v1/notifications?limit=20 [32m200[0m 1.561 ms - 8186[0m
[INFO] 18:55:53 Restarting: /Users/omkapile/Desktop/STUDENTS/packages/common/dist/index.js has been modified

=================================================
🚀 ProjectX API Server running on port 4000 (0.0.0.0)
📡 Environment: development
🤖 AI Microservice URL: http://127.0.0.1:8000
=================================================

[INFO] 18:55:54 Restarting: /Users/omkapile/Desktop/STUDENTS/packages/db/dist/index.js has been modified

=================================================
🚀 ProjectX API Server running on port 4000 (0.0.0.0)
📡 Environment: development
🤖 AI Microservice URL: http://127.0.0.1:8000
=================================================

[INFO] 18:56:30 Restarting: /Users/omkapile/Desktop/STUDENTS/packages/common/dist/index.js has been modified

=================================================
🚀 ProjectX API Server running on port 4000 (0.0.0.0)
📡 Environment: development
🤖 AI Microservice URL: http://127.0.0.1:8000
=================================================

[INFO] 18:56:31 Restarting: /Users/omkapile/Desktop/STUDENTS/packages/db/dist/index.js has been modified

=================================================
🚀 ProjectX API Server running on port 4000 (0.0.0.0)
📡 Environment: development
🤖 AI Microservice URL: http://127.0.0.1:8000
=================================================

[0mPOST /api/v1/auth/login [32m200[0m 66.608 ms - 3166[0m
[0mPOST /api/v1/auth/login [32m200[0m 54.898 ms - 3176[0m
[0mGET /api/v1/projects/user/created [33m401[0m 0.465 ms - 64[0m
[0mPOST /api/v1/auth/login [32m200[0m 52.751 ms - 3176[0m
[0mGET /api/v1/projects/user/created [33m401[0m 0.418 ms - 64[0m
[0mPOST /api/v1/auth/login [32m200[0m 52.737 ms - 3166[0m
[0mPOST /api/v1/auth/login [32m200[0m 59.301 ms - 3176[0m
[0mGET /api/v1/projects/user/created [32m200[0m 6.648 ms - 44873[0m
[0mGET /api/v1/projects/075f050d-a9e9-4ecf-8033-a428004bbbf1 [32m200[0m 3.733 ms - 6440[0m
📨 [Email Sent to kapileom27@gmail.com]: [ProjectX] New 48% Match Application from Vivek Jadhav for AI Student Assistant
ℹ️ [WhatsAppService]: WhatsApp provider "none" is not configured. Skipped.
📨 [Email Sent to student1@test.com]: [ProjectX] Application Submitted for AI Student Assistant (UI/UX Designer)
[0mGET /api/v1/applications/sent [36m304[0m 3.614 ms - -[0m
[0mGET /api/v1/projects/user/joined [32m200[0m 8.111 ms - 10888[0m
[0mGET /api/v1/projects/user/created [32m200[0m 10.754 ms - 46448[0m
[0mPOST /api/v1/applications [32m201[0m 2547.829 ms - 348[0m
[0mGET /api/v1/applications/received [32m200[0m 8.626 ms - 22455[0m
📨 [Email Sent to student1@test.com]: [ProjectX] Application Shortlisted for AI Student Assistant
[0mGET /api/v1/applications/sent [36m304[0m 2.915 ms - -[0m
[0mGET /api/v1/projects/user/joined [36m304[0m 5.807 ms - -[0m
[0mGET /api/v1/projects/user/created [32m200[0m 9.148 ms - 46452[0m
[0mPATCH /api/v1/applications/8b32d909-3974-4841-8d33-3201073785c7/review [32m200[0m 1344.730 ms - 588[0m
📨 [Email Sent to student1@test.com]: [ProjectX] Accepted! Welcome to AI Student Assistant
[0mGET /api/v1/applications/sent [36m304[0m 3.414 ms - -[0m
[0mGET /api/v1/projects/user/joined [36m304[0m 6.161 ms - -[0m
[0mGET /api/v1/projects/user/created [32m200[0m 9.923 ms - 46446[0m
[0mPATCH /api/v1/applications/8b32d909-3974-4841-8d33-3201073785c7/review [32m200[0m 937.270 ms - 617[0m
[0mGET /api/v1/projects/075f050d-a9e9-4ecf-8033-a428004bbbf1/team [32m200[0m 7.701 ms - 3632[0m
[INFO] 18:57:59 Restarting: /Users/omkapile/Desktop/STUDENTS/packages/common/dist/index.js has been modified

=================================================
🚀 ProjectX API Server running on port 4000 (0.0.0.0)
📡 Environment: development
🤖 AI Microservice URL: http://127.0.0.1:8000
=================================================

[INFO] 18:58:00 Restarting: /Users/omkapile/Desktop/STUDENTS/packages/db/dist/index.js has been modified

=================================================
🚀 ProjectX API Server running on port 4000 (0.0.0.0)
📡 Environment: development
🤖 AI Microservice URL: http://127.0.0.1:8000
=================================================

[0mGET /api/v1/notifications?limit=20 [32m200[0m 13.328 ms - 8126[0m
[0mGET /api/v1/auth/me [36m304[0m 10.823 ms - -[0m
[0mGET /api/v1/notifications?limit=20 [36m304[0m 3.515 ms - -[0m
[0mGET /api/v1/auth/me [36m304[0m 2.523 ms - -[0m
[0mGET /api/v1/applications/sent [36m304[0m 4.007 ms - -[0m
[0mGET /api/v1/projects/user/joined [32m200[0m 10.577 ms - 10888[0m
[0mGET /api/v1/notifications?limit=20 [36m304[0m 10.927 ms - -[0m
[0mGET /api/v1/projects/user/created [32m200[0m 17.028 ms - 44872[0m
[0mGET /api/v1/applications/sent [36m304[0m 7.787 ms - -[0m
[0mGET /api/v1/notifications?limit=20 [36m304[0m 4.033 ms - -[0m
[0mGET /api/v1/projects/user/joined [36m304[0m 10.299 ms - -[0m
[0mGET /api/v1/applications/sent [36m304[0m 3.469 ms - -[0m
[0mGET /api/v1/projects/user/created [36m304[0m 8.811 ms - -[0m
[0mGET /api/v1/projects/user/joined [36m304[0m 3.424 ms - -[0m
[0mGET /api/v1/projects/user/created [36m304[0m 5.744 ms - -[0m
[0mPOST /api/v1/auth/login [32m200[0m 84.171 ms - 3166[0m
[0mGET /api/v1/notifications?limit=20 [32m200[0m 2.922 ms - 8286[0m
[0mGET /api/v1/applications/received [32m200[0m 2.649 ms - 26[0m
[0mGET /api/v1/applications/sent [32m200[0m 3.644 ms - 2599[0m
[0mGET /api/v1/projects/user/joined [32m200[0m 6.102 ms - 5709[0m
[0mGET /api/v1/projects/user/created [32m200[0m 7.262 ms - 9933[0m
[0mGET /api/v1/applications/received [36m304[0m 3.320 ms - -[0m
[0mGET /api/v1/applications/sent [36m304[0m 3.143 ms - -[0m
[0mGET /api/v1/projects/user/joined [36m304[0m 3.691 ms - -[0m
[0mGET /api/v1/projects/user/created [36m304[0m 3.610 ms - -[0m
[0mGET /api/v1/projects?status=RECRUITING [32m200[0m 15.868 ms - 111311[0m
[0mGET /api/v1/projects?status=RECRUITING [36m304[0m 8.762 ms - -[0m
[0mGET /api/v1/colleges [32m200[0m 2.928 ms - 7319[0m
[0mGET /api/v1/applications/sent [36m304[0m 6.864 ms - -[0m
[0mGET /api/v1/projects/user/joined [36m304[0m 7.011 ms - -[0m
[0mGET /api/v1/colleges [36m304[0m 3.192 ms - -[0m
[0mGET /api/v1/applications/sent [36m304[0m 4.408 ms - -[0m
[0mGET /api/v1/projects/user/joined [36m304[0m 4.915 ms - -[0m
[0mGET /api/v1/projects?status=RECRUITING [36m304[0m 25.112 ms - -[0m
[0mGET /api/v1/projects?status=RECRUITING [36m304[0m 13.902 ms - -[0m
[0mGET /api/v1/applications/received?projectId=7b739314-d404-4d14-b00b-04c64cdec1fa [32m200[0m 4.263 ms - 26[0m
[0mGET /api/v1/applications/sent [36m304[0m 5.992 ms - -[0m
[0mGET /api/v1/projects/7b739314-d404-4d14-b00b-04c64cdec1fa [32m200[0m 13.172 ms - 3498[0m
[0mGET /api/v1/applications/received?projectId=7b739314-d404-4d14-b00b-04c64cdec1fa [36m304[0m 3.707 ms - -[0m
[0mGET /api/v1/applications/sent [36m304[0m 4.919 ms - -[0m
[0mGET /api/v1/projects/7b739314-d404-4d14-b00b-04c64cdec1fa [36m304[0m 8.349 ms - -[0m
📨 [Email Sent to alice@stanford.edu]: [ProjectX] New 49% Match Application from Vivek Jadhav for Autonomous Farm Rover
ℹ️ [WhatsAppService]: Project Lead Alice Chen has no WhatsApp number configured. Skipped.
📨 [Email Sent to student1@test.com]: [ProjectX] Application Submitted for Autonomous Farm Rover (UI/UX Designer)
[0mGET /api/v1/applications/sent [32m200[0m 5.910 ms - 3201[0m
[0mGET /api/v1/applications/received?projectId=7b739314-d404-4d14-b00b-04c64cdec1fa [36m304[0m 4.281 ms - -[0m
[0mGET /api/v1/projects/7b739314-d404-4d14-b00b-04c64cdec1fa [32m200[0m 8.841 ms - 3986[0m
[0mGET /api/v1/applications/received?projectId=7b739314-d404-4d14-b00b-04c64cdec1fa [36m304[0m 3.559 ms - -[0m
[0mGET /api/v1/applications/sent [36m304[0m 4.767 ms - -[0m
[0mGET /api/v1/projects/7b739314-d404-4d14-b00b-04c64cdec1fa [36m304[0m 6.342 ms - -[0m
[0mPOST /api/v1/applications [32m201[0m 2470.041 ms - 348[0m
[0mGET /api/v1/applications/received?projectId=7b739314-d404-4d14-b00b-04c64cdec1fa [36m304[0m 3.449 ms - -[0m
[0mGET /api/v1/applications/sent [36m304[0m 5.496 ms - -[0m
[0mGET /api/v1/projects/7b739314-d404-4d14-b00b-04c64cdec1fa [36m304[0m 10.216 ms - -[0m
[0mPOST /api/v1/auth/login [32m200[0m 83.299 ms - 3176[0m
[0mGET /api/v1/notifications?limit=20 [32m200[0m 2.875 ms - 8126[0m
[0mGET /api/v1/applications/sent [32m200[0m 3.824 ms - 2065[0m
[0mGET /api/v1/projects/user/joined [32m200[0m 7.324 ms - 10888[0m
[0mGET /api/v1/applications/received [32m200[0m 7.109 ms - 20587[0m
[0mGET /api/v1/applications/sent [36m304[0m 3.349 ms - -[0m
[0mGET /api/v1/projects/user/created [32m200[0m 11.628 ms - 44872[0m
[0mGET /api/v1/projects?status=RECRUITING [32m200[0m 14.159 ms - 97066[0m
[0mGET /api/v1/projects/user/joined [36m304[0m 5.558 ms - -[0m
[0mGET /api/v1/applications/received [36m304[0m 4.154 ms - -[0m
[0mGET /api/v1/projects/user/created [36m304[0m 9.520 ms - -[0m
[0mGET /api/v1/projects?status=RECRUITING [36m304[0m 9.402 ms - -[0m
[0mGET /api/v1/applications/sent [36m304[0m 4.019 ms - -[0m
[0mGET /api/v1/projects/user/joined [36m304[0m 8.272 ms - -[0m
[0mGET /api/v1/applications/sent [36m304[0m 5.011 ms - -[0m
[0mGET /api/v1/projects/user/created [36m304[0m 14.330 ms - -[0m
[0mGET /api/v1/projects/user/joined [36m304[0m 8.472 ms - -[0m
[0mGET /api/v1/projects/user/created [36m304[0m 9.574 ms - -[0m
[0mGET /api/v1/applications/sent [36m304[0m 4.396 ms - -[0m
[0mGET /api/v1/applications/received [36m304[0m 10.104 ms - -[0m
[0mGET /api/v1/applications/sent [36m304[0m 5.054 ms - -[0m
[0mGET /api/v1/projects/user/joined [36m304[0m 10.732 ms - -[0m
[0mGET /api/v1/projects/user/created [36m304[0m 17.821 ms - -[0m
[0mGET /api/v1/projects?status=RECRUITING [36m304[0m 24.302 ms - -[0m
[0mGET /api/v1/applications/received [36m304[0m 12.213 ms - -[0m
[0mGET /api/v1/projects/user/joined [36m304[0m 9.808 ms - -[0m
[0mGET /api/v1/projects/user/created [36m304[0m 11.482 ms - -[0m
[0mGET /api/v1/projects?status=RECRUITING [36m304[0m 18.155 ms - -[0m
[0mPOST /api/v1/auth/login [32m200[0m 82.637 ms - 3166[0m
[0mGET /api/v1/notifications?limit=20 [32m200[0m 3.865 ms - 8283[0m
[0mGET /api/v1/applications/sent [32m200[0m 4.009 ms - 3201[0m
[0mGET /api/v1/projects/user/created [32m200[0m 6.126 ms - 9933[0m
[0mGET /api/v1/applications/received [32m200[0m 2.833 ms - 26[0m
[0mGET /api/v1/projects/user/joined [32m200[0m 3.312 ms - 5709[0m
[0mGET /api/v1/projects?status=RECRUITING [32m200[0m 11.545 ms - 111310[0m
[0mGET /api/v1/colleges [36m304[0m 2.695 ms - -[0m
[0mGET /api/v1/applications/sent [36m304[0m 5.637 ms - -[0m
[0mGET /api/v1/projects/user/joined [36m304[0m 5.775 ms - -[0m
[0mGET /api/v1/colleges [36m304[0m 2.130 ms - -[0m
[0mGET /api/v1/applications/sent [36m304[0m 3.392 ms - -[0m
[0mGET /api/v1/projects/user/joined [36m304[0m 5.172 ms - -[0m
[0mGET /api/v1/projects?status=RECRUITING [36m304[0m 19.522 ms - -[0m
[0mGET /api/v1/projects?status=RECRUITING [36m304[0m 12.659 ms - -[0m
[0mGET /api/v1/applications/sent [36m304[0m 6.000 ms - -[0m
[0mGET /api/v1/projects/user/joined [36m304[0m 9.167 ms - -[0m
[0mGET /api/v1/projects/user/created [36m304[0m 11.080 ms - -[0m
[0mGET /api/v1/applications/sent [36m304[0m 6.682 ms - -[0m
[0mGET /api/v1/projects/user/joined [36m304[0m 6.913 ms - -[0m
[0mGET /api/v1/projects/user/created [36m304[0m 6.553 ms - -[0m
[0mPOST /api/v1/auth/login [32m200[0m 84.631 ms - 3176[0m
[0mGET /api/v1/notifications?limit=20 [32m200[0m 2.137 ms - 8126[0m
[0mGET /api/v1/applications/sent [32m200[0m 6.351 ms - 2065[0m
[0mGET /api/v1/applications/received [32m200[0m 8.573 ms - 20587[0m
[0mGET /api/v1/projects/user/joined [32m200[0m 9.290 ms - 10888[0m
[0mGET /api/v1/projects/user/created [32m200[0m 13.150 ms - 44872[0m
[0mGET /api/v1/applications/sent [36m304[0m 4.537 ms - -[0m
[0mGET /api/v1/projects?status=RECRUITING [32m200[0m 14.841 ms - 97066[0m
[0mGET /api/v1/applications/received [36m304[0m 4.462 ms - -[0m
[0mGET /api/v1/projects/user/joined [36m304[0m 4.968 ms - -[0m
[0mGET /api/v1/projects/user/created [36m304[0m 7.648 ms - -[0m
[0mGET /api/v1/projects?status=RECRUITING [36m304[0m 10.836 ms - -[0m
[0mGET /api/v1/applications/sent [36m304[0m 5.555 ms - -[0m
[0mGET /api/v1/projects/user/joined [36m304[0m 8.488 ms - -[0m
[0mGET /api/v1/applications/sent [36m304[0m 4.790 ms - -[0m
[0mGET /api/v1/projects/user/created [36m304[0m 17.955 ms - -[0m
[0mGET /api/v1/projects/user/joined [36m304[0m 6.579 ms - -[0m
[0mGET /api/v1/projects/user/created [36m304[0m 9.317 ms - -[0m
📨 [Email Sent to student2@test.com]: [ProjectX] Accepted! Welcome to AI Student Assistant
[0mGET /api/v1/applications/sent [36m304[0m 4.632 ms - -[0m
[0mGET /api/v1/projects/user/joined [36m304[0m 11.709 ms - -[0m
[0mGET /api/v1/projects/user/created [32m200[0m 15.986 ms - 45362[0m
[0mPATCH /api/v1/applications/a10ef6ca-64c0-410d-9bc3-4deca9ef9621/review [32m200[0m 1330.851 ms - 662[0m
[0mGET /api/v1/applications/sent [36m304[0m 3.987 ms - -[0m
[0mGET /api/v1/projects/user/joined [36m304[0m 7.922 ms - -[0m
[0mGET /api/v1/projects/user/created [36m304[0m 16.552 ms - -[0m
📨 [Email Sent to student2@test.com]: [ProjectX] Accepted! Welcome to AI Student Assistant
[0mGET /api/v1/applications/sent [36m304[0m 2.701 ms - -[0m
[0mGET /api/v1/projects/user/joined [36m304[0m 6.622 ms - -[0m
[0mGET /api/v1/projects/user/created [36m304[0m 11.817 ms - -[0m
[0mPATCH /api/v1/applications/a10ef6ca-64c0-410d-9bc3-4deca9ef9621/review [32m200[0m 1567.803 ms - 662[0m
[0mGET /api/v1/applications/sent [36m304[0m 6.084 ms - -[0m
[0mGET /api/v1/projects/user/joined [36m304[0m 10.866 ms - -[0m
[0mGET /api/v1/projects/user/created [36m304[0m 19.698 ms - -[0m
[0mPOST /api/v1/auth/login [32m200[0m 83.272 ms - 3166[0m
[0mGET /api/v1/notifications?limit=20 [32m200[0m 2.069 ms - 8283[0m
[0mGET /api/v1/applications/received [32m200[0m 4.166 ms - 26[0m
[0mGET /api/v1/projects/user/created [32m200[0m 7.981 ms - 9933[0m
[0mGET /api/v1/applications/sent [32m200[0m 7.324 ms - 3201[0m
[0mGET /api/v1/projects/user/joined [32m200[0m 6.980 ms - 6088[0m
[0mGET /api/v1/applications/received [36m304[0m 3.476 ms - -[0m
[0mGET /api/v1/applications/sent [36m304[0m 1.923 ms - -[0m
[0mGET /api/v1/projects?status=RECRUITING [32m200[0m 15.755 ms - 111310[0m
[0mGET /api/v1/projects/user/created [36m304[0m 5.743 ms - -[0m
[0mGET /api/v1/projects/user/joined [36m304[0m 6.312 ms - -[0m
[0mGET /api/v1/projects?status=RECRUITING [36m304[0m 11.940 ms - -[0m
[0mGET /api/v1/applications/sent [36m304[0m 7.194 ms - -[0m
[0mGET /api/v1/projects/user/joined [36m304[0m 10.818 ms - -[0m
[0mGET /api/v1/projects/user/created [36m304[0m 13.806 ms - -[0m
[0mGET /api/v1/applications/sent [36m304[0m 5.050 ms - -[0m
[0mGET /api/v1/projects/user/joined [36m304[0m 6.431 ms - -[0m
[0mGET /api/v1/projects/user/created [36m304[0m 5.858 ms - -[0m
[0mGET /api/v1/colleges [36m304[0m 2.105 ms - -[0m
[0mGET /api/v1/applications/sent [36m304[0m 4.546 ms - -[0m
[0mGET /api/v1/colleges [36m304[0m 2.094 ms - -[0m
[0mGET /api/v1/projects/user/joined [36m304[0m 5.046 ms - -[0m
[0mGET /api/v1/applications/sent [36m304[0m 3.914 ms - -[0m
[0mGET /api/v1/projects/user/joined [36m304[0m 6.198 ms - -[0m
[0mGET /api/v1/projects?status=RECRUITING [36m304[0m 19.394 ms - -[0m
[0mGET /api/v1/projects?status=RECRUITING [36m304[0m 12.692 ms - -[0m
[0mGET /api/v1/applications/received?projectId=6c788fc1-553f-4f51-8671-9fe94fe94f66 [32m200[0m 3.265 ms - 26[0m
[0mGET /api/v1/projects/6c788fc1-553f-4f51-8671-9fe94fe94f66 [32m200[0m 7.918 ms - 1836[0m
[0mGET /api/v1/applications/sent [36m304[0m 9.531 ms - -[0m
[0mGET /api/v1/applications/received?projectId=6c788fc1-553f-4f51-8671-9fe94fe94f66 [36m304[0m 2.707 ms - -[0m
[0mGET /api/v1/applications/sent [36m304[0m 2.838 ms - -[0m
[0mGET /api/v1/projects/6c788fc1-553f-4f51-8671-9fe94fe94f66 [36m304[0m 4.300 ms - -[0m
📨 [Email Sent to lead_creator@stanford.edu]: [ProjectX] New 49% Match Application from Vivek Jadhav for Confidential Quantum AI Simulation
ℹ️ [WhatsAppService]: Project Lead Stanford Creator has no WhatsApp number configured. Skipped.
📨 [Email Sent to student1@test.com]: [ProjectX] Application Submitted for Confidential Quantum AI Simulation (Quantum Algorithms Lead)
[0mGET /api/v1/applications/received?projectId=6c788fc1-553f-4f51-8671-9fe94fe94f66 [36m304[0m 5.150 ms - -[0m
[0mGET /api/v1/applications/sent [32m200[0m 9.838 ms - 3792[0m
[0mGET /api/v1/projects/6c788fc1-553f-4f51-8671-9fe94fe94f66 [32m200[0m 9.079 ms - 2317[0m
[0mGET /api/v1/applications/received?projectId=6c788fc1-553f-4f51-8671-9fe94fe94f66 [36m304[0m 4.276 ms - -[0m
[0mGET /api/v1/applications/sent [36m304[0m 3.932 ms - -[0m
[0mGET /api/v1/projects/6c788fc1-553f-4f51-8671-9fe94fe94f66 [36m304[0m 5.296 ms - -[0m
[0mPOST /api/v1/applications [32m201[0m 21777.965 ms - 357[0m
[0mGET /api/v1/applications/received?projectId=6c788fc1-553f-4f51-8671-9fe94fe94f66 [36m304[0m 2.662 ms - -[0m
[0mGET /api/v1/applications/sent [36m304[0m 5.532 ms - -[0m
[0mGET /api/v1/projects/6c788fc1-553f-4f51-8671-9fe94fe94f66 [36m304[0m 9.934 ms - -[0m
[0mPOST /api/v1/auth/login [32m200[0m 83.375 ms - 3176[0m
[0mGET /api/v1/notifications?limit=20 [32m200[0m 3.372 ms - 8126[0m
[0mGET /api/v1/applications/received [32m200[0m 6.031 ms - 20588[0m
[0mGET /api/v1/applications/sent [32m200[0m 8.174 ms - 2065[0m
[0mGET /api/v1/projects/user/joined [32m200[0m 9.092 ms - 10888[0m
[0mGET /api/v1/projects/user/created [32m200[0m 13.616 ms - 45362[0m
[0mGET /api/v1/applications/received [36m304[0m 4.864 ms - -[0m
[0mGET /api/v1/projects?status=RECRUITING [32m200[0m 16.986 ms - 97066[0m
[0mGET /api/v1/applications/sent [36m304[0m 7.416 ms - -[0m
[0mGET /api/v1/projects/user/joined [36m304[0m 7.031 ms - -[0m
[0mGET /api/v1/projects/user/created [36m304[0m 8.034 ms - -[0m
[0mGET /api/v1/projects?status=RECRUITING [36m304[0m 12.830 ms - -[0m
[INFO] 19:09:11 Restarting: /Users/omkapile/Desktop/STUDENTS/apps/backend/src/services/email.service.ts has been modified

=================================================
🚀 ProjectX API Server running on port 4000 (0.0.0.0)
📡 Environment: development
🤖 AI Microservice URL: http://127.0.0.1:8000
=================================================

[INFO] 19:09:24 Restarting: /Users/omkapile/Desktop/STUDENTS/apps/backend/src/modules/applications/applications.controller.ts has been modified

=================================================
🚀 ProjectX API Server running on port 4000 (0.0.0.0)
📡 Environment: development
🤖 AI Microservice URL: http://127.0.0.1:8000
=================================================

[INFO] 19:09:30 Restarting: /Users/omkapile/Desktop/STUDENTS/apps/backend/src/modules/applications/applications.controller.ts has been modified

=================================================
🚀 ProjectX API Server running on port 4000 (0.0.0.0)
📡 Environment: development
🤖 AI Microservice URL: http://127.0.0.1:8000
=================================================

[INFO] 19:09:58 Restarting: /Users/omkapile/Desktop/STUDENTS/packages/common/dist/index.js has been modified

=================================================
🚀 ProjectX API Server running on port 4000 (0.0.0.0)
📡 Environment: development
🤖 AI Microservice URL: http://127.0.0.1:8000
=================================================

[INFO] 19:09:59 Restarting: /Users/omkapile/Desktop/STUDENTS/packages/db/dist/index.js has been modified

=================================================
🚀 ProjectX API Server running on port 4000 (0.0.0.0)
📡 Environment: development
🤖 AI Microservice URL: http://127.0.0.1:8000
=================================================

[INFO] 19:13:39 Restarting: /Users/omkapile/Desktop/STUDENTS/packages/common/dist/index.js has been modified
Error: listen EADDRINUSE: address already in use 0.0.0.0:4000
    at Server.setupListenHandle [as _listen2] (node:net:1940:16)
    at listenInCluster (node:net:1997:12)
    at node:net:2206:7
    at processTicksAndRejections (node:internal/process/task_queues:90:21)
[ERROR] 19:13:39 Error: listen EADDRINUSE: address already in use 0.0.0.0:4000
[INFO] 19:13:40 Restarting: /Users/omkapile/Desktop/STUDENTS/packages/db/dist/index.js has been modified
Error: listen EADDRINUSE: address already in use 0.0.0.0:4000
    at Server.setupListenHandle [as _listen2] (node:net:1940:16)
    at listenInCluster (node:net:1997:12)
    at node:net:2206:7
    at processTicksAndRejections (node:internal/process/task_queues:90:21)
[ERROR] 19:13:40 Error: listen EADDRINUSE: address already in use 0.0.0.0:4000
